Workbook

Sheet Jul Act vs Jun Act
D1: program | E1: min Cnt | G1: Report
D2: v | E2: 100 | G2: CPR
D4: Actual | E4: 5 | F4: 6 | G4: 7 | H4: 8 | I4: 9 | J4: 10 | K4: 12 | L4: 14 | M4: 16 | N4: 18 | O4: 20 | P4: 24 | Q4: 30 | R4: 36 | S4: 42 | T4: 48 | U4: 54 | V4: 60 | W4: 72 | X4: 84 | Y4: 96 | Z4: 108 | AA4: 120 | AB4: 144 | AC4: 168 | AD4: 192 | AE4: 216 | AF4: 240 | AG4: 320 | AH4: 360
D5: 2000 | E5: =IF( E68>$E$2, SUMIFS(IF($G$2="CPR",'Grid Data'!$V$4:$V$2342,'Grid Data'!$W$4:$W$2342),'Grid Data'!$N$4:$N$2342,$D5,'Grid Data'!$O$4:$O$2342,E$4,'Grid Data'!$M$4:$M$2342,$D$2)*100, 0) -> 0 | F5: =IF( F68>$E$2, SUMIFS(IF($G$2="CPR",'Grid Data'!$V$4:$V$2342,'Grid Data'!$W$4:$W$2342),'Grid Data'!$N$4:$N$2342,$D5,'Grid Data'!$O$4:$O$2342,F$4,'Grid Data'!$M$4:$M$2342,$D$2)*100, 0) -> 0 | G5: =IF( G68>$E$2, SUMIFS(IF($G$2="CPR",'Grid Data'!$V$4:$V$2342,'Grid Data'!$W$4:$W$2342),'Grid Data'!$N$4:$N$2342,$D5,'Grid Data'!$O$4:$O$2342,G$4,'Grid Data'!$M$4:$M$2342,$D$2)*100, 0) -> 0 | H5: =IF( H68>$E$2, SUMIFS(IF($G$2="CPR",'Grid Data'!$V$4:$V$2342,'Grid Data'!$W$4:$W$2342),'Grid Data'!$N$4:$N$2342,$D5,'Grid Data'!$O$4:$O$2342,H$4,'Grid Data'!$M$4:$M$2342,$D$2)*100, 0) -> 0 | I5: =IF( I68>$E$2, SUMIFS(IF($G$2="CPR",'Grid Data'!$V$4:$V$2342,'Grid Data'!$W$4:$W$2342),'Grid Data'!$N$4:$N$2342,$D5,'Grid Data'!$O$4:$O$2342,I$4,'Grid Data'!$M$4:$M$2342,$D$2)*100, 0) -> 0 | J5: =IF( J68>$E$2, SUMIFS(IF($G$2="CPR",'Grid Data'!$V$4:$V$2342,'Grid Data'!$W$4:$W$2342),'Grid Data'!$N$4:$N$2342,$D5,'Grid Data'!$O$4:$O$2342,J$4,'Grid Data'!$M$4:$M$2342,$D$2)*100, 0) -> 0 | K5: =IF( K68>$E$2, SUMIFS(IF($G$2="CPR",'Grid Data'!$V$4:$V$2342,'Grid Data'!$W$4:$W$2342),'Grid Data'!$N$4:$N$2342,$D5,'Grid Data'!$O$4:$O$2342,K$4,'Grid Data'!$M$4:$M$2342,$D$2)*100, 0) -> 0 | L5: =IF( L68>$E$2, SUMIFS(IF($G$2="CPR",'Grid Data'!$V$4:$V$2342,'Grid Data'!$W$4:$W$2342),'Grid Data'!$N$4:$N$2342,$D5,'Grid Data'!$O$4:$O$2342,L$4,'Grid Data'!$M$4:$M$2342,$D$2)*100, 0) -> 0 | ... AH5: =IF( AH68>$E$2, SUMIFS(IF($G$2="CPR",'Grid Data'!$V$4:$V$2342,'Grid Data'!$W$4:$W$2342),'Grid Data'!$N$4:$N$2342,$D5,'Grid Data'!$O$4:$O$2342,AH$4,'Grid Data'!$M$4:$M$2342,$D$2)*100, 0) -> 0
D6: 2250 | E6: =IF( E69>$E$2, SUMIFS(IF($G$2="CPR",'Grid Data'!$V$4:$V$2342,'Grid Data'!$W$4:$W$2342),'Grid Data'!$N$4:$N$2342,$D6,'Grid Data'!$O$4:$O$2342,E$4,'Grid Data'!$M$4:$M$2342,$D$2)*100, 0) -> 0 | F6: =IF( F69>$E$2, SUMIFS(IF($G$2="CPR",'Grid Data'!$V$4:$V$2342,'Grid Data'!$W$4:$W$2342),'Grid Data'!$N$4:$N$2342,$D6,'Grid Data'!$O$4:$O$2342,F$4,'Grid Data'!$M$4:$M$2342,$D$2)*100, 0) -> 0 | G6: =IF( G69>$E$2, SUMIFS(IF($G$2="CPR",'Grid Data'!$V$4:$V$2342,'Grid Data'!$W$4:$W$2342),'Grid Data'!$N$4:$N$2342,$D6,'Grid Data'!$O$4:$O$2342,G$4,'Grid Data'!$M$4:$M$2342,$D$2)*100, 0) -> 0 | H6: =IF( H69>$E$2, SUMIFS(IF($G$2="CPR",'Grid Data'!$V$4:$V$2342,'Grid Data'!$W$4:$W$2342),'Grid Data'!$N$4:$N$2342,$D6,'Grid Data'!$O$4:$O$2342,H$4,'Grid Data'!$M$4:$M$2342,$D$2)*100, 0) -> 0 | I6: =IF( I69>$E$2, SUMIFS(IF($G$2="CPR",'Grid Data'!$V$4:$V$2342,'Grid Data'!$W$4:$W$2342),'Grid Data'!$N$4:$N$2342,$D6,'Grid Data'!$O$4:$O$2342,I$4,'Grid Data'!$M$4:$M$2342,$D$2)*100, 0) -> 0 | J6: =IF( J69>$E$2, SUMIFS(IF($G$2="CPR",'Grid Data'!$V$4:$V$2342,'Grid Data'!$W$4:$W$2342),'Grid Data'!$N$4:$N$2342,$D6,'Grid Data'!$O$4:$O$2342,J$4,'Grid Data'!$M$4:$M$2342,$D$2)*100, 0) -> 0 | K6: =IF( K69>$E$2, SUMIFS(IF($G$2="CPR",'Grid Data'!$V$4:$V$2342,'Grid Data'!$W$4:$W$2342),'Grid Data'!$N$4:$N$2342,$D6,'Grid Data'!$O$4:$O$2342,K$4,'Grid Data'!$M$4:$M$2342,$D$2)*100, 0) -> 0 | L6: =IF( L69>$E$2, SUMIFS(IF($G$2="CPR",'Grid Data'!$V$4:$V$2342,'Grid Data'!$W$4:$W$2342),'Grid Data'!$N$4:$N$2342,$D6,'Grid Data'!$O$4:$O$2342,L$4,'Grid Data'!$M$4:$M$2342,$D$2)*100, 0) -> 0 | ... AH6: =IF( AH69>$E$2, SUMIFS(IF($G$2="CPR",'Grid Data'!$V$4:$V$2342,'Grid Data'!$W$4:$W$2342),'Grid Data'!$N$4:$N$2342,$D6,'Grid Data'!$O$4:$O$2342,AH$4,'Grid Data'!$M$4:$M$2342,$D$2)*100, 0) -> 0
D7: 2500 | E7: =IF( E70>$E$2, SUMIFS(IF($G$2="CPR",'Grid Data'!$V$4:$V$2342,'Grid Data'!$W$4:$W$2342),'Grid Data'!$N$4:$N$2342,$D7,'Grid Data'!$O$4:$O$2342,E$4,'Grid Data'!$M$4:$M$2342,$D$2)*100, 0) -> 0 | F7: =IF( F70>$E$2, SUMIFS(IF($G$2="CPR",'Grid Data'!$V$4:$V$2342,'Grid Data'!$W$4:$W$2342),'Grid Data'!$N$4:$N$2342,$D7,'Grid Data'!$O$4:$O$2342,F$4,'Grid Data'!$M$4:$M$2342,$D$2)*100, 0) -> 0 | G7: =IF( G70>$E$2, SUMIFS(IF($G$2="CPR",'Grid Data'!$V$4:$V$2342,'Grid Data'!$W$4:$W$2342),'Grid Data'!$N$4:$N$2342,$D7,'Grid Data'!$O$4:$O$2342,G$4,'Grid Data'!$M$4:$M$2342,$D$2)*100, 0) -> 0 | H7: =IF( H70>$E$2, SUMIFS(IF($G$2="CPR",'Grid Data'!$V$4:$V$2342,'Grid Data'!$W$4:$W$2342),'Grid Data'!$N$4:$N$2342,$D7,'Grid Data'!$O$4:$O$2342,H$4,'Grid Data'!$M$4:$M$2342,$D$2)*100, 0) -> 0 | I7: =IF( I70>$E$2, SUMIFS(IF($G$2="CPR",'Grid Data'!$V$4:$V$2342,'Grid Data'!$W$4:$W$2342),'Grid Data'!$N$4:$N$2342,$D7,'Grid Data'!$O$4:$O$2342,I$4,'Grid Data'!$M$4:$M$2342,$D$2)*100, 0) -> 0 | J7: =IF( J70>$E$2, SUMIFS(IF($G$2="CPR",'Grid Data'!$V$4:$V$2342,'Grid Data'!$W$4:$W$2342),'Grid Data'!$N$4:$N$2342,$D7,'Grid Data'!$O$4:$O$2342,J$4,'Grid Data'!$M$4:$M$2342,$D$2)*100, 0) -> 0 | K7: =IF( K70>$E$2, SUMIFS(IF($G$2="CPR",'Grid Data'!$V$4:$V$2342,'Grid Data'!$W$4:$W$2342),'Grid Data'!$N$4:$N$2342,$D7,'Grid Data'!$O$4:$O$2342,K$4,'Grid Data'!$M$4:$M$2342,$D$2)*100, 0) -> 0 | L7: =IF( L70>$E$2, SUMIFS(IF($G$2="CPR",'Grid Data'!$V$4:$V$2342,'Grid Data'!$W$4:$W$2342),'Grid Data'!$N$4:$N$2342,$D7,'Grid Data'!$O$4:$O$2342,L$4,'Grid Data'!$M$4:$M$2342,$D$2)*100, 0) -> 0 | ... AH7: =IF( AH70>$E$2, SUMIFS(IF($G$2="CPR",'Grid Data'!$V$4:$V$2342,'Grid Data'!$W$4:$W$2342),'Grid Data'!$N$4:$N$2342,$D7,'Grid Data'!$O$4:$O$2342,AH$4,'Grid Data'!$M$4:$M$2342,$D$2)*100, 0) -> 0
D8: 2750 | E8: =IF( E71>$E$2, SUMIFS(IF($G$2="CPR",'Grid Data'!$V$4:$V$2342,'Grid Data'!$W$4:$W$2342),'Grid Data'!$N$4:$N$2342,$D8,'Grid Data'!$O$4:$O$2342,E$4,'Grid Data'!$M$4:$M$2342,$D$2)*100, 0) -> 0 | F8: =IF( F71>$E$2, SUMIFS(IF($G$2="CPR",'Grid Data'!$V$4:$V$2342,'Grid Data'!$W$4:$W$2342),'Grid Data'!$N$4:$N$2342,$D8,'Grid Data'!$O$4:$O$2342,F$4,'Grid Data'!$M$4:$M$2342,$D$2)*100, 0) -> 0 | G8: =IF( G71>$E$2, SUMIFS(IF($G$2="CPR",'Grid Data'!$V$4:$V$2342,'Grid Data'!$W$4:$W$2342),'Grid Data'!$N$4:$N$2342,$D8,'Grid Data'!$O$4:$O$2342,G$4,'Grid Data'!$M$4:$M$2342,$D$2)*100, 0) -> 0 | H8: =IF( H71>$E$2, SUMIFS(IF($G$2="CPR",'Grid Data'!$V$4:$V$2342,'Grid Data'!$W$4:$W$2342),'Grid Data'!$N$4:$N$2342,$D8,'Grid Data'!$O$4:$O$2342,H$4,'Grid Data'!$M$4:$M$2342,$D$2)*100, 0) -> 0 | I8: =IF( I71>$E$2, SUMIFS(IF($G$2="CPR",'Grid Data'!$V$4:$V$2342,'Grid Data'!$W$4:$W$2342),'Grid Data'!$N$4:$N$2342,$D8,'Grid Data'!$O$4:$O$2342,I$4,'Grid Data'!$M$4:$M$2342,$D$2)*100, 0) -> 0 | J8: =IF( J71>$E$2, SUMIFS(IF($G$2="CPR",'Grid Data'!$V$4:$V$2342,'Grid Data'!$W$4:$W$2342),'Grid Data'!$N$4:$N$2342,$D8,'Grid Data'!$O$4:$O$2342,J$4,'Grid Data'!$M$4:$M$2342,$D$2)*100, 0) -> 0 | K8: =IF( K71>$E$2, SUMIFS(IF($G$2="CPR",'Grid Data'!$V$4:$V$2342,'Grid Data'!$W$4:$W$2342),'Grid Data'!$N$4:$N$2342,$D8,'Grid Data'!$O$4:$O$2342,K$4,'Grid Data'!$M$4:$M$2342,$D$2)*100, 0) -> 0 | L8: =IF( L71>$E$2, SUMIFS(IF($G$2="CPR",'Grid Data'!$V$4:$V$2342,'Grid Data'!$W$4:$W$2342),'Grid Data'!$N$4:$N$2342,$D8,'Grid Data'!$O$4:$O$2342,L$4,'Grid Data'!$M$4:$M$2342,$D$2)*100, 0) -> 0 | ... AH8: =IF( AH71>$E$2, SUMIFS(IF($G$2="CPR",'Grid Data'!$V$4:$V$2342,'Grid Data'!$W$4:$W$2342),'Grid Data'!$N$4:$N$2342,$D8,'Grid Data'!$O$4:$O$2342,AH$4,'Grid Data'!$M$4:$M$2342,$D$2)*100, 0) -> 0
D9: 3000 | E9: =IF( E72>$E$2, SUMIFS(IF($G$2="CPR",'Grid Data'!$V$4:$V$2342,'Grid Data'!$W$4:$W$2342),'Grid Data'!$N$4:$N$2342,$D9,'Grid Data'!$O$4:$O$2342,E$4,'Grid Data'!$M$4:$M$2342,$D$2)*100, 0) -> 0 | F9: =IF( F72>$E$2, SUMIFS(IF($G$2="CPR",'Grid Data'!$V$4:$V$2342,'Grid Data'!$W$4:$W$2342),'Grid Data'!$N$4:$N$2342,$D9,'Grid Data'!$O$4:$O$2342,F$4,'Grid Data'!$M$4:$M$2342,$D$2)*100, 0) -> 0 | G9: =IF( G72>$E$2, SUMIFS(IF($G$2="CPR",'Grid Data'!$V$4:$V$2342,'Grid Data'!$W$4:$W$2342),'Grid Data'!$N$4:$N$2342,$D9,'Grid Data'!$O$4:$O$2342,G$4,'Grid Data'!$M$4:$M$2342,$D$2)*100, 0) -> 0 | H9: =IF( H72>$E$2, SUMIFS(IF($G$2="CPR",'Grid Data'!$V$4:$V$2342,'Grid Data'!$W$4:$W$2342),'Grid Data'!$N$4:$N$2342,$D9,'Grid Data'!$O$4:$O$2342,H$4,'Grid Data'!$M$4:$M$2342,$D$2)*100, 0) -> 0 | I9: =IF( I72>$E$2, SUMIFS(IF($G$2="CPR",'Grid Data'!$V$4:$V$2342,'Grid Data'!$W$4:$W$2342),'Grid Data'!$N$4:$N$2342,$D9,'Grid Data'!$O$4:$O$2342,I$4,'Grid Data'!$M$4:$M$2342,$D$2)*100, 0) -> 0 | J9: =IF( J72>$E$2, SUMIFS(IF($G$2="CPR",'Grid Data'!$V$4:$V$2342,'Grid Data'!$W$4:$W$2342),'Grid Data'!$N$4:$N$2342,$D9,'Grid Data'!$O$4:$O$2342,J$4,'Grid Data'!$M$4:$M$2342,$D$2)*100, 0) -> 0 | K9: =IF( K72>$E$2, SUMIFS(IF($G$2="CPR",'Grid Data'!$V$4:$V$2342,'Grid Data'!$W$4:$W$2342),'Grid Data'!$N$4:$N$2342,$D9,'Grid Data'!$O$4:$O$2342,K$4,'Grid Data'!$M$4:$M$2342,$D$2)*100, 0) -> 0 | L9: =IF( L72>$E$2, SUMIFS(IF($G$2="CPR",'Grid Data'!$V$4:$V$2342,'Grid Data'!$W$4:$W$2342),'Grid Data'!$N$4:$N$2342,$D9,'Grid Data'!$O$4:$O$2342,L$4,'Grid Data'!$M$4:$M$2342,$D$2)*100, 0) -> 0 | ... AH9: =IF( AH72>$E$2, SUMIFS(IF($G$2="CPR",'Grid Data'!$V$4:$V$2342,'Grid Data'!$W$4:$W$2342),'Grid Data'!$N$4:$N$2342,$D9,'Grid Data'!$O$4:$O$2342,AH$4,'Grid Data'!$M$4:$M$2342,$D$2)*100, 0) -> 0
D10: 3250 | E10: =IF( E73>$E$2, SUMIFS(IF($G$2="CPR",'Grid Data'!$V$4:$V$2342,'Grid Data'!$W$4:$W$2342),'Grid Data'!$N$4:$N$2342,$D10,'Grid Data'!$O$4:$O$2342,E$4,'Grid Data'!$M$4:$M$2342,$D$2)*100, 0) -> 0 | F10: =IF( F73>$E$2, SUMIFS(IF($G$2="CPR",'Grid Data'!$V$4:$V$2342,'Grid Data'!$W$4:$W$2342),'Grid Data'!$N$4:$N$2342,$D10,'Grid Data'!$O$4:$O$2342,F$4,'Grid Data'!$M$4:$M$2342,$D$2)*100, 0) -> 0 | G10: =IF( G73>$E$2, SUMIFS(IF($G$2="CPR",'Grid Data'!$V$4:$V$2342,'Grid Data'!$W$4:$W$2342),'Grid Data'!$N$4:$N$2342,$D10,'Grid Data'!$O$4:$O$2342,G$4,'Grid Data'!$M$4:$M$2342,$D$2)*100, 0) -> 0 | H10: =IF( H73>$E$2, SUMIFS(IF($G$2="CPR",'Grid Data'!$V$4:$V$2342,'Grid Data'!$W$4:$W$2342),'Grid Data'!$N$4:$N$2342,$D10,'Grid Data'!$O$4:$O$2342,H$4,'Grid Data'!$M$4:$M$2342,$D$2)*100, 0) -> 0 | I10: =IF( I73>$E$2, SUMIFS(IF($G$2="CPR",'Grid Data'!$V$4:$V$2342,'Grid Data'!$W$4:$W$2342),'Grid Data'!$N$4:$N$2342,$D10,'Grid Data'!$O$4:$O$2342,I$4,'Grid Data'!$M$4:$M$2342,$D$2)*100, 0) -> 0 | J10: =IF( J73>$E$2, SUMIFS(IF($G$2="CPR",'Grid Data'!$V$4:$V$2342,'Grid Data'!$W$4:$W$2342),'Grid Data'!$N$4:$N$2342,$D10,'Grid Data'!$O$4:$O$2342,J$4,'Grid Data'!$M$4:$M$2342,$D$2)*100, 0) -> 0 | K10: =IF( K73>$E$2, SUMIFS(IF($G$2="CPR",'Grid Data'!$V$4:$V$2342,'Grid Data'!$W$4:$W$2342),'Grid Data'!$N$4:$N$2342,$D10,'Grid Data'!$O$4:$O$2342,K$4,'Grid Data'!$M$4:$M$2342,$D$2)*100, 0) -> 0 | L10: =IF( L73>$E$2, SUMIFS(IF($G$2="CPR",'Grid Data'!$V$4:$V$2342,'Grid Data'!$W$4:$W$2342),'Grid Data'!$N$4:$N$2342,$D10,'Grid Data'!$O$4:$O$2342,L$4,'Grid Data'!$M$4:$M$2342,$D$2)*100, 0) -> 0 | ... AH10: =IF( AH73>$E$2, SUMIFS(IF($G$2="CPR",'Grid Data'!$V$4:$V$2342,'Grid Data'!$W$4:$W$2342),'Grid Data'!$N$4:$N$2342,$D10,'Grid Data'!$O$4:$O$2342,AH$4,'Grid Data'!$M$4:$M$2342,$D$2)*100, 0) -> 0
D11: 3500 | E11: =IF( E74>$E$2, SUMIFS(IF($G$2="CPR",'Grid Data'!$V$4:$V$2342,'Grid Data'!$W$4:$W$2342),'Grid Data'!$N$4:$N$2342,$D11,'Grid Data'!$O$4:$O$2342,E$4,'Grid Data'!$M$4:$M$2342,$D$2)*100, 0) -> 0 | F11: =IF( F74>$E$2, SUMIFS(IF($G$2="CPR",'Grid Data'!$V$4:$V$2342,'Grid Data'!$W$4:$W$2342),'Grid Data'!$N$4:$N$2342,$D11,'Grid Data'!$O$4:$O$2342,F$4,'Grid Data'!$M$4:$M$2342,$D$2)*100, 0) -> 0 | G11: =IF( G74>$E$2, SUMIFS(IF($G$2="CPR",'Grid Data'!$V$4:$V$2342,'Grid Data'!$W$4:$W$2342),'Grid Data'!$N$4:$N$2342,$D11,'Grid Data'!$O$4:$O$2342,G$4,'Grid Data'!$M$4:$M$2342,$D$2)*100, 0) -> 0 | H11: =IF( H74>$E$2, SUMIFS(IF($G$2="CPR",'Grid Data'!$V$4:$V$2342,'Grid Data'!$W$4:$W$2342),'Grid Data'!$N$4:$N$2342,$D11,'Grid Data'!$O$4:$O$2342,H$4,'Grid Data'!$M$4:$M$2342,$D$2)*100, 0) -> 0 | I11: =IF( I74>$E$2, SUMIFS(IF($G$2="CPR",'Grid Data'!$V$4:$V$2342,'Grid Data'!$W$4:$W$2342),'Grid Data'!$N$4:$N$2342,$D11,'Grid Data'!$O$4:$O$2342,I$4,'Grid Data'!$M$4:$M$2342,$D$2)*100, 0) -> 0 | J11: =IF( J74>$E$2, SUMIFS(IF($G$2="CPR",'Grid Data'!$V$4:$V$2342,'Grid Data'!$W$4:$W$2342),'Grid Data'!$N$4:$N$2342,$D11,'Grid Data'!$O$4:$O$2342,J$4,'Grid Data'!$M$4:$M$2342,$D$2)*100, 0) -> 0 | K11: =IF( K74>$E$2, SUMIFS(IF($G$2="CPR",'Grid Data'!$V$4:$V$2342,'Grid Data'!$W$4:$W$2342),'Grid Data'!$N$4:$N$2342,$D11,'Grid Data'!$O$4:$O$2342,K$4,'Grid Data'!$M$4:$M$2342,$D$2)*100, 0) -> 0 | L11: =IF( L74>$E$2, SUMIFS(IF($G$2="CPR",'Grid Data'!$V$4:$V$2342,'Grid Data'!$W$4:$W$2342),'Grid Data'!$N$4:$N$2342,$D11,'Grid Data'!$O$4:$O$2342,L$4,'Grid Data'!$M$4:$M$2342,$D$2)*100, 0) -> 0 | ... AH11: =IF( AH74>$E$2, SUMIFS(IF($G$2="CPR",'Grid Data'!$V$4:$V$2342,'Grid Data'!$W$4:$W$2342),'Grid Data'!$N$4:$N$2342,$D11,'Grid Data'!$O$4:$O$2342,AH$4,'Grid Data'!$M$4:$M$2342,$D$2)*100, 0) -> 0
D12: 3750 | E12: =IF( E75>$E$2, SUMIFS(IF($G$2="CPR",'Grid Data'!$V$4:$V$2342,'Grid Data'!$W$4:$W$2342),'Grid Data'!$N$4:$N$2342,$D12,'Grid Data'!$O$4:$O$2342,E$4,'Grid Data'!$M$4:$M$2342,$D$2)*100, 0) -> 0 | F12: =IF( F75>$E$2, SUMIFS(IF($G$2="CPR",'Grid Data'!$V$4:$V$2342,'Grid Data'!$W$4:$W$2342),'Grid Data'!$N$4:$N$2342,$D12,'Grid Data'!$O$4:$O$2342,F$4,'Grid Data'!$M$4:$M$2342,$D$2)*100, 0) -> 0 | G12: =IF( G75>$E$2, SUMIFS(IF($G$2="CPR",'Grid Data'!$V$4:$V$2342,'Grid Data'!$W$4:$W$2342),'Grid Data'!$N$4:$N$2342,$D12,'Grid Data'!$O$4:$O$2342,G$4,'Grid Data'!$M$4:$M$2342,$D$2)*100, 0) -> 0 | H12: =IF( H75>$E$2, SUMIFS(IF($G$2="CPR",'Grid Data'!$V$4:$V$2342,'Grid Data'!$W$4:$W$2342),'Grid Data'!$N$4:$N$2342,$D12,'Grid Data'!$O$4:$O$2342,H$4,'Grid Data'!$M$4:$M$2342,$D$2)*100, 0) -> 0 | I12: =IF( I75>$E$2, SUMIFS(IF($G$2="CPR",'Grid Data'!$V$4:$V$2342,'Grid Data'!$W$4:$W$2342),'Grid Data'!$N$4:$N$2342,$D12,'Grid Data'!$O$4:$O$2342,I$4,'Grid Data'!$M$4:$M$2342,$D$2)*100, 0) -> 0 | J12: =IF( J75>$E$2, SUMIFS(IF($G$2="CPR",'Grid Data'!$V$4:$V$2342,'Grid Data'!$W$4:$W$2342),'Grid Data'!$N$4:$N$2342,$D12,'Grid Data'!$O$4:$O$2342,J$4,'Grid Data'!$M$4:$M$2342,$D$2)*100, 0) -> 0 | K12: =IF( K75>$E$2, SUMIFS(IF($G$2="CPR",'Grid Data'!$V$4:$V$2342,'Grid Data'!$W$4:$W$2342),'Grid Data'!$N$4:$N$2342,$D12,'Grid Data'!$O$4:$O$2342,K$4,'Grid Data'!$M$4:$M$2342,$D$2)*100, 0) -> 0 | L12: =IF( L75>$E$2, SUMIFS(IF($G$2="CPR",'Grid Data'!$V$4:$V$2342,'Grid Data'!$W$4:$W$2342),'Grid Data'!$N$4:$N$2342,$D12,'Grid Data'!$O$4:$O$2342,L$4,'Grid Data'!$M$4:$M$2342,$D$2)*100, 0) -> 0 | ... AH12: =IF( AH75>$E$2, SUMIFS(IF($G$2="CPR",'Grid Data'!$V$4:$V$2342,'Grid Data'!$W$4:$W$2342),'Grid Data'!$N$4:$N$2342,$D12,'Grid Data'!$O$4:$O$2342,AH$4,'Grid Data'!$M$4:$M$2342,$D$2)*100, 0) -> 0
D13: 4000 | E13: =IF( E76>$E$2, SUMIFS(IF($G$2="CPR",'Grid Data'!$V$4:$V$2342,'Grid Data'!$W$4:$W$2342),'Grid Data'!$N$4:$N$2342,$D13,'Grid Data'!$O$4:$O$2342,E$4,'Grid Data'!$M$4:$M$2342,$D$2)*100, 0) -> 0.0652 | F13: =IF( F76>$E$2, SUMIFS(IF($G$2="CPR",'Grid Data'!$V$4:$V$2342,'Grid Data'!$W$4:$W$2342),'Grid Data'!$N$4:$N$2342,$D13,'Grid Data'!$O$4:$O$2342,F$4,'Grid Data'!$M$4:$M$2342,$D$2)*100, 0) -> 1.1716 | G13: =IF( G76>$E$2, SUMIFS(IF($G$2="CPR",'Grid Data'!$V$4:$V$2342,'Grid Data'!$W$4:$W$2342),'Grid Data'!$N$4:$N$2342,$D13,'Grid Data'!$O$4:$O$2342,G$4,'Grid Data'!$M$4:$M$2342,$D$2)*100, 0) -> 1.7257 | H13: =IF( H76>$E$2, SUMIFS(IF($G$2="CPR",'Grid Data'!$V$4:$V$2342,'Grid Data'!$W$4:$W$2342),'Grid Data'!$N$4:$N$2342,$D13,'Grid Data'!$O$4:$O$2342,H$4,'Grid Data'!$M$4:$M$2342,$D$2)*100, 0) -> 0 | I13: =IF( I76>$E$2, SUMIFS(IF($G$2="CPR",'Grid Data'!$V$4:$V$2342,'Grid Data'!$W$4:$W$2342),'Grid Data'!$N$4:$N$2342,$D13,'Grid Data'!$O$4:$O$2342,I$4,'Grid Data'!$M$4:$M$2342,$D$2)*100, 0) -> 3.0664 | J13: =IF( J76>$E$2, SUMIFS(IF($G$2="CPR",'Grid Data'!$V$4:$V$2342,'Grid Data'!$W$4:$W$2342),'Grid Data'!$N$4:$N$2342,$D13,'Grid Data'!$O$4:$O$2342,J$4,'Grid Data'!$M$4:$M$2342,$D$2)*100, 0) -> 0 | K13: =IF( K76>$E$2, SUMIFS(IF($G$2="CPR",'Grid Data'!$V$4:$V$2342,'Grid Data'!$W$4:$W$2342),'Grid Data'!$N$4:$N$2342,$D13,'Grid Data'!$O$4:$O$2342,K$4,'Grid Data'!$M$4:$M$2342,$D$2)*100, 0) -> 1.7652 | L13: =IF( L76>$E$2, SUMIFS(IF($G$2="CPR",'Grid Data'!$V$4:$V$2342,'Grid Data'!$W$4:$W$2342),'Grid Data'!$N$4:$N$2342,$D13,'Grid Data'!$O$4:$O$2342,L$4,'Grid Data'!$M$4:$M$2342,$D$2)*100, 0) -> 0 | ... AH13: =IF( AH76>$E$2, SUMIFS(IF($G$2="CPR",'Grid Data'!$V$4:$V$2342,'Grid Data'!$W$4:$W$2342),'Grid Data'!$N$4:$N$2342,$D13,'Grid Data'!$O$4:$O$2342,AH$4,'Grid Data'!$M$4:$M$2342,$D$2)*100, 0) -> 0
D14: 4250 | E14: =IF( E77>$E$2, SUMIFS(IF($G$2="CPR",'Grid Data'!$V$4:$V$2342,'Grid Data'!$W$4:$W$2342),'Grid Data'!$N$4:$N$2342,$D14,'Grid Data'!$O$4:$O$2342,E$4,'Grid Data'!$M$4:$M$2342,$D$2)*100, 0) -> 0 | F14: =IF( F77>$E$2, SUMIFS(IF($G$2="CPR",'Grid Data'!$V$4:$V$2342,'Grid Data'!$W$4:$W$2342),'Grid Data'!$N$4:$N$2342,$D14,'Grid Data'!$O$4:$O$2342,F$4,'Grid Data'!$M$4:$M$2342,$D$2)*100, 0) -> 0 | G14: =IF( G77>$E$2, SUMIFS(IF($G$2="CPR",'Grid Data'!$V$4:$V$2342,'Grid Data'!$W$4:$W$2342),'Grid Data'!$N$4:$N$2342,$D14,'Grid Data'!$O$4:$O$2342,G$4,'Grid Data'!$M$4:$M$2342,$D$2)*100, 0) -> 12.2431 | H14: =IF( H77>$E$2, SUMIFS(IF($G$2="CPR",'Grid Data'!$V$4:$V$2342,'Grid Data'!$W$4:$W$2342),'Grid Data'!$N$4:$N$2342,$D14,'Grid Data'!$O$4:$O$2342,H$4,'Grid Data'!$M$4:$M$2342,$D$2)*100, 0) -> 8.1969 | I14: =IF( I77>$E$2, SUMIFS(IF($G$2="CPR",'Grid Data'!$V$4:$V$2342,'Grid Data'!$W$4:$W$2342),'Grid Data'!$N$4:$N$2342,$D14,'Grid Data'!$O$4:$O$2342,I$4,'Grid Data'!$M$4:$M$2342,$D$2)*100, 0) -> 0 | J14: =IF( J77>$E$2, SUMIFS(IF($G$2="CPR",'Grid Data'!$V$4:$V$2342,'Grid Data'!$W$4:$W$2342),'Grid Data'!$N$4:$N$2342,$D14,'Grid Data'!$O$4:$O$2342,J$4,'Grid Data'!$M$4:$M$2342,$D$2)*100, 0) -> 2.3257 | K14: =IF( K77>$E$2, SUMIFS(IF($G$2="CPR",'Grid Data'!$V$4:$V$2342,'Grid Data'!$W$4:$W$2342),'Grid Data'!$N$4:$N$2342,$D14,'Grid Data'!$O$4:$O$2342,K$4,'Grid Data'!$M$4:$M$2342,$D$2)*100, 0) -> 0 | L14: =IF( L77>$E$2, SUMIFS(IF($G$2="CPR",'Grid Data'!$V$4:$V$2342,'Grid Data'!$W$4:$W$2342),'Grid Data'!$N$4:$N$2342,$D14,'Grid Data'!$O$4:$O$2342,L$4,'Grid Data'!$M$4:$M$2342,$D$2)*100, 0) -> 7.7934 | ... AH14: =IF( AH77>$E$2, SUMIFS(IF($G$2="CPR",'Grid Data'!$V$4:$V$2342,'Grid Data'!$W$4:$W$2342),'Grid Data'!$N$4:$N$2342,$D14,'Grid Data'!$O$4:$O$2342,AH$4,'Grid Data'!$M$4:$M$2342,$D$2)*100, 0) -> 0
D15: 4500 | E15: =IF( E78>$E$2, SUMIFS(IF($G$2="CPR",'Grid Data'!$V$4:$V$2342,'Grid Data'!$W$4:$W$2342),'Grid Data'!$N$4:$N$2342,$D15,'Grid Data'!$O$4:$O$2342,E$4,'Grid Data'!$M$4:$M$2342,$D$2)*100, 0) -> 2.5113 | F15: =IF( F78>$E$2, SUMIFS(IF($G$2="CPR",'Grid Data'!$V$4:$V$2342,'Grid Data'!$W$4:$W$2342),'Grid Data'!$N$4:$N$2342,$D15,'Grid Data'!$O$4:$O$2342,F$4,'Grid Data'!$M$4:$M$2342,$D$2)*100, 0) -> 3.4895 | G15: =IF( G78>$E$2, SUMIFS(IF($G$2="CPR",'Grid Data'!$V$4:$V$2342,'Grid Data'!$W$4:$W$2342),'Grid Data'!$N$4:$N$2342,$D15,'Grid Data'!$O$4:$O$2342,G$4,'Grid Data'!$M$4:$M$2342,$D$2)*100, 0) -> 0 | H15: =IF( H78>$E$2, SUMIFS(IF($G$2="CPR",'Grid Data'!$V$4:$V$2342,'Grid Data'!$W$4:$W$2342),'Grid Data'!$N$4:$N$2342,$D15,'Grid Data'!$O$4:$O$2342,H$4,'Grid Data'!$M$4:$M$2342,$D$2)*100, 0) -> 0 | I15: =IF( I78>$E$2, SUMIFS(IF($G$2="CPR",'Grid Data'!$V$4:$V$2342,'Grid Data'!$W$4:$W$2342),'Grid Data'!$N$4:$N$2342,$D15,'Grid Data'!$O$4:$O$2342,I$4,'Grid Data'!$M$4:$M$2342,$D$2)*100, 0) -> 0 | J15: =IF( J78>$E$2, SUMIFS(IF($G$2="CPR",'Grid Data'!$V$4:$V$2342,'Grid Data'!$W$4:$W$2342),'Grid Data'!$N$4:$N$2342,$D15,'Grid Data'!$O$4:$O$2342,J$4,'Grid Data'!$M$4:$M$2342,$D$2)*100, 0) -> 3.2837 | K15: =IF( K78>$E$2, SUMIFS(IF($G$2="CPR",'Grid Data'!$V$4:$V$2342,'Grid Data'!$W$4:$W$2342),'Grid Data'!$N$4:$N$2342,$D15,'Grid Data'!$O$4:$O$2342,K$4,'Grid Data'!$M$4:$M$2342,$D$2)*100, 0) -> 2.5754 | L15: =IF( L78>$E$2, SUMIFS(IF($G$2="CPR",'Grid Data'!$V$4:$V$2342,'Grid Data'!$W$4:$W$2342),'Grid Data'!$N$4:$N$2342,$D15,'Grid Data'!$O$4:$O$2342,L$4,'Grid Data'!$M$4:$M$2342,$D$2)*100, 0) -> 3.2503 | ... AH15: =IF( AH78>$E$2, SUMIFS(IF($G$2="CPR",'Grid Data'!$V$4:$V$2342,'Grid Data'!$W$4:$W$2342),'Grid Data'!$N$4:$N$2342,$D15,'Grid Data'!$O$4:$O$2342,AH$4,'Grid Data'!$M$4:$M$2342,$D$2)*100, 0) -> 0
D16: 4750 | E16: =IF( E79>$E$2, SUMIFS(IF($G$2="CPR",'Grid Data'!$V$4:$V$2342,'Grid Data'!$W$4:$W$2342),'Grid Data'!$N$4:$N$2342,$D16,'Grid Data'!$O$4:$O$2342,E$4,'Grid Data'!$M$4:$M$2342,$D$2)*100, 0) -> 1.0224 | F16: =IF( F79>$E$2, SUMIFS(IF($G$2="CPR",'Grid Data'!$V$4:$V$2342,'Grid Data'!$W$4:$W$2342),'Grid Data'!$N$4:$N$2342,$D16,'Grid Data'!$O$4:$O$2342,F$4,'Grid Data'!$M$4:$M$2342,$D$2)*100, 0) -> 0 | G16: =IF( G79>$E$2, SUMIFS(IF($G$2="CPR",'Grid Data'!$V$4:$V$2342,'Grid Data'!$W$4:$W$2342),'Grid Data'!$N$4:$N$2342,$D16,'Grid Data'!$O$4:$O$2342,G$4,'Grid Data'!$M$4:$M$2342,$D$2)*100, 0) -> 3.1959 | H16: =IF( H79>$E$2, SUMIFS(IF($G$2="CPR",'Grid Data'!$V$4:$V$2342,'Grid Data'!$W$4:$W$2342),'Grid Data'!$N$4:$N$2342,$D16,'Grid Data'!$O$4:$O$2342,H$4,'Grid Data'!$M$4:$M$2342,$D$2)*100, 0) -> 0 | I16: =IF( I79>$E$2, SUMIFS(IF($G$2="CPR",'Grid Data'!$V$4:$V$2342,'Grid Data'!$W$4:$W$2342),'Grid Data'!$N$4:$N$2342,$D16,'Grid Data'!$O$4:$O$2342,I$4,'Grid Data'!$M$4:$M$2342,$D$2)*100, 0) -> 3.7619 | J16: =IF( J79>$E$2, SUMIFS(IF($G$2="CPR",'Grid Data'!$V$4:$V$2342,'Grid Data'!$W$4:$W$2342),'Grid Data'!$N$4:$N$2342,$D16,'Grid Data'!$O$4:$O$2342,J$4,'Grid Data'!$M$4:$M$2342,$D$2)*100, 0) -> 0.0016 | K16: =IF( K79>$E$2, SUMIFS(IF($G$2="CPR",'Grid Data'!$V$4:$V$2342,'Grid Data'!$W$4:$W$2342),'Grid Data'!$N$4:$N$2342,$D16,'Grid Data'!$O$4:$O$2342,K$4,'Grid Data'!$M$4:$M$2342,$D$2)*100, 0) -> 0 | L16: =IF( L79>$E$2, SUMIFS(IF($G$2="CPR",'Grid Data'!$V$4:$V$2342,'Grid Data'!$W$4:$W$2342),'Grid Data'!$N$4:$N$2342,$D16,'Grid Data'!$O$4:$O$2342,L$4,'Grid Data'!$M$4:$M$2342,$D$2)*100, 0) -> 10.2062 | ... AH16: =IF( AH79>$E$2, SUMIFS(IF($G$2="CPR",'Grid Data'!$V$4:$V$2342,'Grid Data'!$W$4:$W$2342),'Grid Data'!$N$4:$N$2342,$D16,'Grid Data'!$O$4:$O$2342,AH$4,'Grid Data'!$M$4:$M$2342,$D$2)*100, 0) -> 0
... D33: 20000 | E33: =IF( E96>$E$2, SUMIFS(IF($G$2="CPR",'Grid Data'!$V$4:$V$2342,'Grid Data'!$W$4:$W$2342),'Grid Data'!$N$4:$N$2342,$D33,'Grid Data'!$O$4:$O$2342,E$4,'Grid Data'!$M$4:$M$2342,$D$2)*100, 0) -> 0 | F33: =IF( F96>$E$2, SUMIFS(IF($G$2="CPR",'Grid Data'!$V$4:$V$2342,'Grid Data'!$W$4:$W$2342),'Grid Data'!$N$4:$N$2342,$D33,'Grid Data'!$O$4:$O$2342,F$4,'Grid Data'!$M$4:$M$2342,$D$2)*100, 0) -> 0 | G33: =IF( G96>$E$2, SUMIFS(IF($G$2="CPR",'Grid Data'!$V$4:$V$2342,'Grid Data'!$W$4:$W$2342),'Grid Data'!$N$4:$N$2342,$D33,'Grid Data'!$O$4:$O$2342,G$4,'Grid Data'!$M$4:$M$2342,$D$2)*100, 0) -> 0 | H33: =IF( H96>$E$2, SUMIFS(IF($G$2="CPR",'Grid Data'!$V$4:$V$2342,'Grid Data'!$W$4:$W$2342),'Grid Data'!$N$4:$N$2342,$D33,'Grid Data'!$O$4:$O$2342,H$4,'Grid Data'!$M$4:$M$2342,$D$2)*100, 0) -> 0 | I33: =IF( I96>$E$2, SUMIFS(IF($G$2="CPR",'Grid Data'!$V$4:$V$2342,'Grid Data'!$W$4:$W$2342),'Grid Data'!$N$4:$N$2342,$D33,'Grid Data'!$O$4:$O$2342,I$4,'Grid Data'!$M$4:$M$2342,$D$2)*100, 0) -> 0 | J33: =IF( J96>$E$2, SUMIFS(IF($G$2="CPR",'Grid Data'!$V$4:$V$2342,'Grid Data'!$W$4:$W$2342),'Grid Data'!$N$4:$N$2342,$D33,'Grid Data'!$O$4:$O$2342,J$4,'Grid Data'!$M$4:$M$2342,$D$2)*100, 0) -> 0 | K33: =IF( K96>$E$2, SUMIFS(IF($G$2="CPR",'Grid Data'!$V$4:$V$2342,'Grid Data'!$W$4:$W$2342),'Grid Data'!$N$4:$N$2342,$D33,'Grid Data'!$O$4:$O$2342,K$4,'Grid Data'!$M$4:$M$2342,$D$2)*100, 0) -> 0 | L33: =IF( L96>$E$2, SUMIFS(IF($G$2="CPR",'Grid Data'!$V$4:$V$2342,'Grid Data'!$W$4:$W$2342),'Grid Data'!$N$4:$N$2342,$D33,'Grid Data'!$O$4:$O$2342,L$4,'Grid Data'!$M$4:$M$2342,$D$2)*100, 0) -> 0 | ... AH33: =IF( AH96>$E$2, SUMIFS(IF($G$2="CPR",'Grid Data'!$V$4:$V$2342,'Grid Data'!$W$4:$W$2342),'Grid Data'!$N$4:$N$2342,$D33,'Grid Data'!$O$4:$O$2342,AH$4,'Grid Data'!$M$4:$M$2342,$D$2)*100, 0) -> 0
E35: Red Means Faster
D36: Change | E36: 5 | F36: 6 | G36: 7 | H36: 8 | I36: 9 | J36: 10 | K36: 12 | L36: 14 | M36: 16 | N36: 18 | O36: 20 | P36: 24 | Q36: 30 | R36: 36 | S36: 42 | T36: 48 | U36: 54 | V36: 60 | W36: 72 | X36: 84 | Y36: 96 | Z36: 108 | AA36: 120 | AB36: 144 | AC36: 168 | AD36: 192 | AE36: 216 | AF36: 240 | AG36: 320 | AH36: 360
D37: 2000 | E37: =IF( E68>$E$2, SUMIFS(IF($G$2="CPR",'Grid Data'!$AH$4:$AH$2342,'Grid Data'!$AI$4:$AI$2342),'Grid Data'!$Z$4:$Z$2342,$D37,'Grid Data'!$AA$4:$AA$2342,E$4,'Grid Data'!$Y$4:$Y$2342,$D$2)*100-E5, "--") -> -- | F37: =IF( F68>$E$2, SUMIFS(IF($G$2="CPR",'Grid Data'!$AH$4:$AH$2342,'Grid Data'!$AI$4:$AI$2342),'Grid Data'!$Z$4:$Z$2342,$D37,'Grid Data'!$AA$4:$AA$2342,F$4,'Grid Data'!$Y$4:$Y$2342,$D$2)*100-F5, "--") -> -- | G37: =IF( G68>$E$2, SUMIFS(IF($G$2="CPR",'Grid Data'!$AH$4:$AH$2342,'Grid Data'!$AI$4:$AI$2342),'Grid Data'!$Z$4:$Z$2342,$D37,'Grid Data'!$AA$4:$AA$2342,G$4,'Grid Data'!$Y$4:$Y$2342,$D$2)*100-G5, "--") -> -- | H37: =IF( H68>$E$2, SUMIFS(IF($G$2="CPR",'Grid Data'!$AH$4:$AH$2342,'Grid Data'!$AI$4:$AI$2342),'Grid Data'!$Z$4:$Z$2342,$D37,'Grid Data'!$AA$4:$AA$2342,H$4,'Grid Data'!$Y$4:$Y$2342,$D$2)*100-H5, "--") -> -- | I37: =IF( I68>$E$2, SUMIFS(IF($G$2="CPR",'Grid Data'!$AH$4:$AH$2342,'Grid Data'!$AI$4:$AI$2342),'Grid Data'!$Z$4:$Z$2342,$D37,'Grid Data'!$AA$4:$AA$2342,I$4,'Grid Data'!$Y$4:$Y$2342,$D$2)*100-I5, "--") -> -- | J37: =IF( J68>$E$2, SUMIFS(IF($G$2="CPR",'Grid Data'!$AH$4:$AH$2342,'Grid Data'!$AI$4:$AI$2342),'Grid Data'!$Z$4:$Z$2342,$D37,'Grid Data'!$AA$4:$AA$2342,J$4,'Grid Data'!$Y$4:$Y$2342,$D$2)*100-J5, "--") -> -- | K37: =IF( K68>$E$2, SUMIFS(IF($G$2="CPR",'Grid Data'!$AH$4:$AH$2342,'Grid Data'!$AI$4:$AI$2342),'Grid Data'!$Z$4:$Z$2342,$D37,'Grid Data'!$AA$4:$AA$2342,K$4,'Grid Data'!$Y$4:$Y$2342,$D$2)*100-K5, "--") -> -- | L37: =IF( L68>$E$2, SUMIFS(IF($G$2="CPR",'Grid Data'!$AH$4:$AH$2342,'Grid Data'!$AI$4:$AI$2342),'Grid Data'!$Z$4:$Z$2342,$D37,'Grid Data'!$AA$4:$AA$2342,L$4,'Grid Data'!$Y$4:$Y$2342,$D$2)*100-L5, "--") -> -- | ... AH37: =IF( AH68>$E$2, SUMIFS(IF($G$2="CPR",'Grid Data'!$AH$4:$AH$2342,'Grid Data'!$AI$4:$AI$2342),'Grid Data'!$Z$4:$Z$2342,$D37,'Grid Data'!$AA$4:$AA$2342,AH$4,'Grid Data'!$Y$4:$Y$2342,$D$2)*100-AH5, "--") -> --
A38: =SUMPRODUCT(T37:W46,T68:W77)/SUM(T68:W77) -> -7.280665 | D38: 2250 | E38: =IF( E69>$E$2, SUMIFS(IF($G$2="CPR",'Grid Data'!$AH$4:$AH$2342,'Grid Data'!$AI$4:$AI$2342),'Grid Data'!$Z$4:$Z$2342,$D38,'Grid Data'!$AA$4:$AA$2342,E$4,'Grid Data'!$Y$4:$Y$2342,$D$2)*100-E6, "--") -> -- | F38: =IF( F69>$E$2, SUMIFS(IF($G$2="CPR",'Grid Data'!$AH$4:$AH$2342,'Grid Data'!$AI$4:$AI$2342),'Grid Data'!$Z$4:$Z$2342,$D38,'Grid Data'!$AA$4:$AA$2342,F$4,'Grid Data'!$Y$4:$Y$2342,$D$2)*100-F6, "--") -> -- | G38: =IF( G69>$E$2, SUMIFS(IF($G$2="CPR",'Grid Data'!$AH$4:$AH$2342,'Grid Data'!$AI$4:$AI$2342),'Grid Data'!$Z$4:$Z$2342,$D38,'Grid Data'!$AA$4:$AA$2342,G$4,'Grid Data'!$Y$4:$Y$2342,$D$2)*100-G6, "--") -> -- | H38: =IF( H69>$E$2, SUMIFS(IF($G$2="CPR",'Grid Data'!$AH$4:$AH$2342,'Grid Data'!$AI$4:$AI$2342),'Grid Data'!$Z$4:$Z$2342,$D38,'Grid Data'!$AA$4:$AA$2342,H$4,'Grid Data'!$Y$4:$Y$2342,$D$2)*100-H6, "--") -> -- | I38: =IF( I69>$E$2, SUMIFS(IF($G$2="CPR",'Grid Data'!$AH$4:$AH$2342,'Grid Data'!$AI$4:$AI$2342),'Grid Data'!$Z$4:$Z$2342,$D38,'Grid Data'!$AA$4:$AA$2342,I$4,'Grid Data'!$Y$4:$Y$2342,$D$2)*100-I6, "--") -> -- | J38: =IF( J69>$E$2, SUMIFS(IF($G$2="CPR",'Grid Data'!$AH$4:$AH$2342,'Grid Data'!$AI$4:$AI$2342),'Grid Data'!$Z$4:$Z$2342,$D38,'Grid Data'!$AA$4:$AA$2342,J$4,'Grid Data'!$Y$4:$Y$2342,$D$2)*100-J6, "--") -> -- | K38: =IF( K69>$E$2, SUMIFS(IF($G$2="CPR",'Grid Data'!$AH$4:$AH$2342,'Grid Data'!$AI$4:$AI$2342),'Grid Data'!$Z$4:$Z$2342,$D38,'Grid Data'!$AA$4:$AA$2342,K$4,'Grid Data'!$Y$4:$Y$2342,$D$2)*100-K6, "--") -> -- | L38: =IF( L69>$E$2, SUMIFS(IF($G$2="CPR",'Grid Data'!$AH$4:$AH$2342,'Grid Data'!$AI$4:$AI$2342),'Grid Data'!$Z$4:$Z$2342,$D38,'Grid Data'!$AA$4:$AA$2342,L$4,'Grid Data'!$Y$4:$Y$2342,$D$2)*100-L6, "--") -> -- | ... AH38: =IF( AH69>$E$2, SUMIFS(IF($G$2="CPR",'Grid Data'!$AH$4:$AH$2342,'Grid Data'!$AI$4:$AI$2342),'Grid Data'!$Z$4:$Z$2342,$D38,'Grid Data'!$AA$4:$AA$2342,AH$4,'Grid Data'!$Y$4:$Y$2342,$D$2)*100-AH6, "--") -> --
D39: 2500 | E39: =IF( E70>$E$2, SUMIFS(IF($G$2="CPR",'Grid Data'!$AH$4:$AH$2342,'Grid Data'!$AI$4:$AI$2342),'Grid Data'!$Z$4:$Z$2342,$D39,'Grid Data'!$AA$4:$AA$2342,E$4,'Grid Data'!$Y$4:$Y$2342,$D$2)*100-E7, "--") -> -- | F39: =IF( F70>$E$2, SUMIFS(IF($G$2="CPR",'Grid Data'!$AH$4:$AH$2342,'Grid Data'!$AI$4:$AI$2342),'Grid Data'!$Z$4:$Z$2342,$D39,'Grid Data'!$AA$4:$AA$2342,F$4,'Grid Data'!$Y$4:$Y$2342,$D$2)*100-F7, "--") -> -- | G39: =IF( G70>$E$2, SUMIFS(IF($G$2="CPR",'Grid Data'!$AH$4:$AH$2342,'Grid Data'!$AI$4:$AI$2342),'Grid Data'!$Z$4:$Z$2342,$D39,'Grid Data'!$AA$4:$AA$2342,G$4,'Grid Data'!$Y$4:$Y$2342,$D$2)*100-G7, "--") -> -- | H39: =IF( H70>$E$2, SUMIFS(IF($G$2="CPR",'Grid Data'!$AH$4:$AH$2342,'Grid Data'!$AI$4:$AI$2342),'Grid Data'!$Z$4:$Z$2342,$D39,'Grid Data'!$AA$4:$AA$2342,H$4,'Grid Data'!$Y$4:$Y$2342,$D$2)*100-H7, "--") -> -- | I39: =IF( I70>$E$2, SUMIFS(IF($G$2="CPR",'Grid Data'!$AH$4:$AH$2342,'Grid Data'!$AI$4:$AI$2342),'Grid Data'!$Z$4:$Z$2342,$D39,'Grid Data'!$AA$4:$AA$2342,I$4,'Grid Data'!$Y$4:$Y$2342,$D$2)*100-I7, "--") -> -- | J39: =IF( J70>$E$2, SUMIFS(IF($G$2="CPR",'Grid Data'!$AH$4:$AH$2342,'Grid Data'!$AI$4:$AI$2342),'Grid Data'!$Z$4:$Z$2342,$D39,'Grid Data'!$AA$4:$AA$2342,J$4,'Grid Data'!$Y$4:$Y$2342,$D$2)*100-J7, "--") -> -- | K39: =IF( K70>$E$2, SUMIFS(IF($G$2="CPR",'Grid Data'!$AH$4:$AH$2342,'Grid Data'!$AI$4:$AI$2342),'Grid Data'!$Z$4:$Z$2342,$D39,'Grid Data'!$AA$4:$AA$2342,K$4,'Grid Data'!$Y$4:$Y$2342,$D$2)*100-K7, "--") -> -- | L39: =IF( L70>$E$2, SUMIFS(IF($G$2="CPR",'Grid Data'!$AH$4:$AH$2342,'Grid Data'!$AI$4:$AI$2342),'Grid Data'!$Z$4:$Z$2342,$D39,'Grid Data'!$AA$4:$AA$2342,L$4,'Grid Data'!$Y$4:$Y$2342,$D$2)*100-L7, "--") -> -- | ... AH39: =IF( AH70>$E$2, SUMIFS(IF($G$2="CPR",'Grid Data'!$AH$4:$AH$2342,'Grid Data'!$AI$4:$AI$2342),'Grid Data'!$Z$4:$Z$2342,$D39,'Grid Data'!$AA$4:$AA$2342,AH$4,'Grid Data'!$Y$4:$Y$2342,$D$2)*100-AH7, "--") -> --
D40: 2750 | E40: =IF( E71>$E$2, SUMIFS(IF($G$2="CPR",'Grid Data'!$AH$4:$AH$2342,'Grid Data'!$AI$4:$AI$2342),'Grid Data'!$Z$4:$Z$2342,$D40,'Grid Data'!$AA$4:$AA$2342,E$4,'Grid Data'!$Y$4:$Y$2342,$D$2)*100-E8, "--") -> -- | F40: =IF( F71>$E$2, SUMIFS(IF($G$2="CPR",'Grid Data'!$AH$4:$AH$2342,'Grid Data'!$AI$4:$AI$2342),'Grid Data'!$Z$4:$Z$2342,$D40,'Grid Data'!$AA$4:$AA$2342,F$4,'Grid Data'!$Y$4:$Y$2342,$D$2)*100-F8, "--") -> -- | G40: =IF( G71>$E$2, SUMIFS(IF($G$2="CPR",'Grid Data'!$AH$4:$AH$2342,'Grid Data'!$AI$4:$AI$2342),'Grid Data'!$Z$4:$Z$2342,$D40,'Grid Data'!$AA$4:$AA$2342,G$4,'Grid Data'!$Y$4:$Y$2342,$D$2)*100-G8, "--") -> -- | H40: =IF( H71>$E$2, SUMIFS(IF($G$2="CPR",'Grid Data'!$AH$4:$AH$2342,'Grid Data'!$AI$4:$AI$2342),'Grid Data'!$Z$4:$Z$2342,$D40,'Grid Data'!$AA$4:$AA$2342,H$4,'Grid Data'!$Y$4:$Y$2342,$D$2)*100-H8, "--") -> -- | I40: =IF( I71>$E$2, SUMIFS(IF($G$2="CPR",'Grid Data'!$AH$4:$AH$2342,'Grid Data'!$AI$4:$AI$2342),'Grid Data'!$Z$4:$Z$2342,$D40,'Grid Data'!$AA$4:$AA$2342,I$4,'Grid Data'!$Y$4:$Y$2342,$D$2)*100-I8, "--") -> -- | J40: =IF( J71>$E$2, SUMIFS(IF($G$2="CPR",'Grid Data'!$AH$4:$AH$2342,'Grid Data'!$AI$4:$AI$2342),'Grid Data'!$Z$4:$Z$2342,$D40,'Grid Data'!$AA$4:$AA$2342,J$4,'Grid Data'!$Y$4:$Y$2342,$D$2)*100-J8, "--") -> -- | K40: =IF( K71>$E$2, SUMIFS(IF($G$2="CPR",'Grid Data'!$AH$4:$AH$2342,'Grid Data'!$AI$4:$AI$2342),'Grid Data'!$Z$4:$Z$2342,$D40,'Grid Data'!$AA$4:$AA$2342,K$4,'Grid Data'!$Y$4:$Y$2342,$D$2)*100-K8, "--") -> -- | L40: =IF( L71>$E$2, SUMIFS(IF($G$2="CPR",'Grid Data'!$AH$4:$AH$2342,'Grid Data'!$AI$4:$AI$2342),'Grid Data'!$Z$4:$Z$2342,$D40,'Grid Data'!$AA$4:$AA$2342,L$4,'Grid Data'!$Y$4:$Y$2342,$D$2)*100-L8, "--") -> -- | ... AH40: =IF( AH71>$E$2, SUMIFS(IF($G$2="CPR",'Grid Data'!$AH$4:$AH$2342,'Grid Data'!$AI$4:$AI$2342),'Grid Data'!$Z$4:$Z$2342,$D40,'Grid Data'!$AA$4:$AA$2342,AH$4,'Grid Data'!$Y$4:$Y$2342,$D$2)*100-AH8, "--") -> --
D41: 3000 | E41: =IF( E72>$E$2, SUMIFS(IF($G$2="CPR",'Grid Data'!$AH$4:$AH$2342,'Grid Data'!$AI$4:$AI$2342),'Grid Data'!$Z$4:$Z$2342,$D41,'Grid Data'!$AA$4:$AA$2342,E$4,'Grid Data'!$Y$4:$Y$2342,$D$2)*100-E9, "--") -> -- | F41: =IF( F72>$E$2, SUMIFS(IF($G$2="CPR",'Grid Data'!$AH$4:$AH$2342,'Grid Data'!$AI$4:$AI$2342),'Grid Data'!$Z$4:$Z$2342,$D41,'Grid Data'!$AA$4:$AA$2342,F$4,'Grid Data'!$Y$4:$Y$2342,$D$2)*100-F9, "--") -> -- | G41: =IF( G72>$E$2, SUMIFS(IF($G$2="CPR",'Grid Data'!$AH$4:$AH$2342,'Grid Data'!$AI$4:$AI$2342),'Grid Data'!$Z$4:$Z$2342,$D41,'Grid Data'!$AA$4:$AA$2342,G$4,'Grid Data'!$Y$4:$Y$2342,$D$2)*100-G9, "--") -> -- | H41: =IF( H72>$E$2, SUMIFS(IF($G$2="CPR",'Grid Data'!$AH$4:$AH$2342,'Grid Data'!$AI$4:$AI$2342),'Grid Data'!$Z$4:$Z$2342,$D41,'Grid Data'!$AA$4:$AA$2342,H$4,'Grid Data'!$Y$4:$Y$2342,$D$2)*100-H9, "--") -> -- | I41: =IF( I72>$E$2, SUMIFS(IF($G$2="CPR",'Grid Data'!$AH$4:$AH$2342,'Grid Data'!$AI$4:$AI$2342),'Grid Data'!$Z$4:$Z$2342,$D41,'Grid Data'!$AA$4:$AA$2342,I$4,'Grid Data'!$Y$4:$Y$2342,$D$2)*100-I9, "--") -> -- | J41: =IF( J72>$E$2, SUMIFS(IF($G$2="CPR",'Grid Data'!$AH$4:$AH$2342,'Grid Data'!$AI$4:$AI$2342),'Grid Data'!$Z$4:$Z$2342,$D41,'Grid Data'!$AA$4:$AA$2342,J$4,'Grid Data'!$Y$4:$Y$2342,$D$2)*100-J9, "--") -> -- | K41: =IF( K72>$E$2, SUMIFS(IF($G$2="CPR",'Grid Data'!$AH$4:$AH$2342,'Grid Data'!$AI$4:$AI$2342),'Grid Data'!$Z$4:$Z$2342,$D41,'Grid Data'!$AA$4:$AA$2342,K$4,'Grid Data'!$Y$4:$Y$2342,$D$2)*100-K9, "--") -> -- | L41: =IF( L72>$E$2, SUMIFS(IF($G$2="CPR",'Grid Data'!$AH$4:$AH$2342,'Grid Data'!$AI$4:$AI$2342),'Grid Data'!$Z$4:$Z$2342,$D41,'Grid Data'!$AA$4:$AA$2342,L$4,'Grid Data'!$Y$4:$Y$2342,$D$2)*100-L9, "--") -> -- | ... AH41: =IF( AH72>$E$2, SUMIFS(IF($G$2="CPR",'Grid Data'!$AH$4:$AH$2342,'Grid Data'!$AI$4:$AI$2342),'Grid Data'!$Z$4:$Z$2342,$D41,'Grid Data'!$AA$4:$AA$2342,AH$4,'Grid Data'!$Y$4:$Y$2342,$D$2)*100-AH9, "--") -> --
D42: 3250 | E42: =IF( E73>$E$2, SUMIFS(IF($G$2="CPR",'Grid Data'!$AH$4:$AH$2342,'Grid Data'!$AI$4:$AI$2342),'Grid Data'!$Z$4:$Z$2342,$D42,'Grid Data'!$AA$4:$AA$2342,E$4,'Grid Data'!$Y$4:$Y$2342,$D$2)*100-E10, "--") -> -- | F42: =IF( F73>$E$2, SUMIFS(IF($G$2="CPR",'Grid Data'!$AH$4:$AH$2342,'Grid Data'!$AI$4:$AI$2342),'Grid Data'!$Z$4:$Z$2342,$D42,'Grid Data'!$AA$4:$AA$2342,F$4,'Grid Data'!$Y$4:$Y$2342,$D$2)*100-F10, "--") -> -- | G42: =IF( G73>$E$2, SUMIFS(IF($G$2="CPR",'Grid Data'!$AH$4:$AH$2342,'Grid Data'!$AI$4:$AI$2342),'Grid Data'!$Z$4:$Z$2342,$D42,'Grid Data'!$AA$4:$AA$2342,G$4,'Grid Data'!$Y$4:$Y$2342,$D$2)*100-G10, "--") -> -- | H42: =IF( H73>$E$2, SUMIFS(IF($G$2="CPR",'Grid Data'!$AH$4:$AH$2342,'Grid Data'!$AI$4:$AI$2342),'Grid Data'!$Z$4:$Z$2342,$D42,'Grid Data'!$AA$4:$AA$2342,H$4,'Grid Data'!$Y$4:$Y$2342,$D$2)*100-H10, "--") -> -- | I42: =IF( I73>$E$2, SUMIFS(IF($G$2="CPR",'Grid Data'!$AH$4:$AH$2342,'Grid Data'!$AI$4:$AI$2342),'Grid Data'!$Z$4:$Z$2342,$D42,'Grid Data'!$AA$4:$AA$2342,I$4,'Grid Data'!$Y$4:$Y$2342,$D$2)*100-I10, "--") -> -- | J42: =IF( J73>$E$2, SUMIFS(IF($G$2="CPR",'Grid Data'!$AH$4:$AH$2342,'Grid Data'!$AI$4:$AI$2342),'Grid Data'!$Z$4:$Z$2342,$D42,'Grid Data'!$AA$4:$AA$2342,J$4,'Grid Data'!$Y$4:$Y$2342,$D$2)*100-J10, "--") -> -- | K42: =IF( K73>$E$2, SUMIFS(IF($G$2="CPR",'Grid Data'!$AH$4:$AH$2342,'Grid Data'!$AI$4:$AI$2342),'Grid Data'!$Z$4:$Z$2342,$D42,'Grid Data'!$AA$4:$AA$2342,K$4,'Grid Data'!$Y$4:$Y$2342,$D$2)*100-K10, "--") -> -- | L42: =IF( L73>$E$2, SUMIFS(IF($G$2="CPR",'Grid Data'!$AH$4:$AH$2342,'Grid Data'!$AI$4:$AI$2342),'Grid Data'!$Z$4:$Z$2342,$D42,'Grid Data'!$AA$4:$AA$2342,L$4,'Grid Data'!$Y$4:$Y$2342,$D$2)*100-L10, "--") -> -- | ... AH42: =IF( AH73>$E$2, SUMIFS(IF($G$2="CPR",'Grid Data'!$AH$4:$AH$2342,'Grid Data'!$AI$4:$AI$2342),'Grid Data'!$Z$4:$Z$2342,$D42,'Grid Data'!$AA$4:$AA$2342,AH$4,'Grid Data'!$Y$4:$Y$2342,$D$2)*100-AH10, "--") -> --
D43: 3500 | E43: =IF( E74>$E$2, SUMIFS(IF($G$2="CPR",'Grid Data'!$AH$4:$AH$2342,'Grid Data'!$AI$4:$AI$2342),'Grid Data'!$Z$4:$Z$2342,$D43,'Grid Data'!$AA$4:$AA$2342,E$4,'Grid Data'!$Y$4:$Y$2342,$D$2)*100-E11, "--") -> 0 | F43: =IF( F74>$E$2, SUMIFS(IF($G$2="CPR",'Grid Data'!$AH$4:$AH$2342,'Grid Data'!$AI$4:$AI$2342),'Grid Data'!$Z$4:$Z$2342,$D43,'Grid Data'!$AA$4:$AA$2342,F$4,'Grid Data'!$Y$4:$Y$2342,$D$2)*100-F11, "--") -> -- | G43: =IF( G74>$E$2, SUMIFS(IF($G$2="CPR",'Grid Data'!$AH$4:$AH$2342,'Grid Data'!$AI$4:$AI$2342),'Grid Data'!$Z$4:$Z$2342,$D43,'Grid Data'!$AA$4:$AA$2342,G$4,'Grid Data'!$Y$4:$Y$2342,$D$2)*100-G11, "--") -> -- | H43: =IF( H74>$E$2, SUMIFS(IF($G$2="CPR",'Grid Data'!$AH$4:$AH$2342,'Grid Data'!$AI$4:$AI$2342),'Grid Data'!$Z$4:$Z$2342,$D43,'Grid Data'!$AA$4:$AA$2342,H$4,'Grid Data'!$Y$4:$Y$2342,$D$2)*100-H11, "--") -> -- | I43: =IF( I74>$E$2, SUMIFS(IF($G$2="CPR",'Grid Data'!$AH$4:$AH$2342,'Grid Data'!$AI$4:$AI$2342),'Grid Data'!$Z$4:$Z$2342,$D43,'Grid Data'!$AA$4:$AA$2342,I$4,'Grid Data'!$Y$4:$Y$2342,$D$2)*100-I11, "--") -> -- | J43: =IF( J74>$E$2, SUMIFS(IF($G$2="CPR",'Grid Data'!$AH$4:$AH$2342,'Grid Data'!$AI$4:$AI$2342),'Grid Data'!$Z$4:$Z$2342,$D43,'Grid Data'!$AA$4:$AA$2342,J$4,'Grid Data'!$Y$4:$Y$2342,$D$2)*100-J11, "--") -> -- | K43: =IF( K74>$E$2, SUMIFS(IF($G$2="CPR",'Grid Data'!$AH$4:$AH$2342,'Grid Data'!$AI$4:$AI$2342),'Grid Data'!$Z$4:$Z$2342,$D43,'Grid Data'!$AA$4:$AA$2342,K$4,'Grid Data'!$Y$4:$Y$2342,$D$2)*100-K11, "--") -> -- | L43: =IF( L74>$E$2, SUMIFS(IF($G$2="CPR",'Grid Data'!$AH$4:$AH$2342,'Grid Data'!$AI$4:$AI$2342),'Grid Data'!$Z$4:$Z$2342,$D43,'Grid Data'!$AA$4:$AA$2342,L$4,'Grid Data'!$Y$4:$Y$2342,$D$2)*100-L11, "--") -> -- | ... AH43: =IF( AH74>$E$2, SUMIFS(IF($G$2="CPR",'Grid Data'!$AH$4:$AH$2342,'Grid Data'!$AI$4:$AI$2342),'Grid Data'!$Z$4:$Z$2342,$D43,'Grid Data'!$AA$4:$AA$2342,AH$4,'Grid Data'!$Y$4:$Y$2342,$D$2)*100-AH11, "--") -> --
D44: 3750 | E44: =IF( E75>$E$2, SUMIFS(IF($G$2="CPR",'Grid Data'!$AH$4:$AH$2342,'Grid Data'!$AI$4:$AI$2342),'Grid Data'!$Z$4:$Z$2342,$D44,'Grid Data'!$AA$4:$AA$2342,E$4,'Grid Data'!$Y$4:$Y$2342,$D$2)*100-E12, "--") -> 0 | F44: =IF( F75>$E$2, SUMIFS(IF($G$2="CPR",'Grid Data'!$AH$4:$AH$2342,'Grid Data'!$AI$4:$AI$2342),'Grid Data'!$Z$4:$Z$2342,$D44,'Grid Data'!$AA$4:$AA$2342,F$4,'Grid Data'!$Y$4:$Y$2342,$D$2)*100-F12, "--") -> -- | G44: =IF( G75>$E$2, SUMIFS(IF($G$2="CPR",'Grid Data'!$AH$4:$AH$2342,'Grid Data'!$AI$4:$AI$2342),'Grid Data'!$Z$4:$Z$2342,$D44,'Grid Data'!$AA$4:$AA$2342,G$4,'Grid Data'!$Y$4:$Y$2342,$D$2)*100-G12, "--") -> -- | H44: =IF( H75>$E$2, SUMIFS(IF($G$2="CPR",'Grid Data'!$AH$4:$AH$2342,'Grid Data'!$AI$4:$AI$2342),'Grid Data'!$Z$4:$Z$2342,$D44,'Grid Data'!$AA$4:$AA$2342,H$4,'Grid Data'!$Y$4:$Y$2342,$D$2)*100-H12, "--") -> -- | I44: =IF( I75>$E$2, SUMIFS(IF($G$2="CPR",'Grid Data'!$AH$4:$AH$2342,'Grid Data'!$AI$4:$AI$2342),'Grid Data'!$Z$4:$Z$2342,$D44,'Grid Data'!$AA$4:$AA$2342,I$4,'Grid Data'!$Y$4:$Y$2342,$D$2)*100-I12, "--") -> -- | J44: =IF( J75>$E$2, SUMIFS(IF($G$2="CPR",'Grid Data'!$AH$4:$AH$2342,'Grid Data'!$AI$4:$AI$2342),'Grid Data'!$Z$4:$Z$2342,$D44,'Grid Data'!$AA$4:$AA$2342,J$4,'Grid Data'!$Y$4:$Y$2342,$D$2)*100-J12, "--") -> -- | K44: =IF( K75>$E$2, SUMIFS(IF($G$2="CPR",'Grid Data'!$AH$4:$AH$2342,'Grid Data'!$AI$4:$AI$2342),'Grid Data'!$Z$4:$Z$2342,$D44,'Grid Data'!$AA$4:$AA$2342,K$4,'Grid Data'!$Y$4:$Y$2342,$D$2)*100-K12, "--") -> -- | L44: =IF( L75>$E$2, SUMIFS(IF($G$2="CPR",'Grid Data'!$AH$4:$AH$2342,'Grid Data'!$AI$4:$AI$2342),'Grid Data'!$Z$4:$Z$2342,$D44,'Grid Data'!$AA$4:$AA$2342,L$4,'Grid Data'!$Y$4:$Y$2342,$D$2)*100-L12, "--") -> -- | ... AH44: =IF( AH75>$E$2, SUMIFS(IF($G$2="CPR",'Grid Data'!$AH$4:$AH$2342,'Grid Data'!$AI$4:$AI$2342),'Grid Data'!$Z$4:$Z$2342,$D44,'Grid Data'!$AA$4:$AA$2342,AH$4,'Grid Data'!$Y$4:$Y$2342,$D$2)*100-AH12, "--") -> --
D45: 4000 | E45: =IF( E76>$E$2, SUMIFS(IF($G$2="CPR",'Grid Data'!$AH$4:$AH$2342,'Grid Data'!$AI$4:$AI$2342),'Grid Data'!$Z$4:$Z$2342,$D45,'Grid Data'!$AA$4:$AA$2342,E$4,'Grid Data'!$Y$4:$Y$2342,$D$2)*100-E13, "--") -> -0.0652 | F45: =IF( F76>$E$2, SUMIFS(IF($G$2="CPR",'Grid Data'!$AH$4:$AH$2342,'Grid Data'!$AI$4:$AI$2342),'Grid Data'!$Z$4:$Z$2342,$D45,'Grid Data'!$AA$4:$AA$2342,F$4,'Grid Data'!$Y$4:$Y$2342,$D$2)*100-F13, "--") -> -1.1716 | G45: =IF( G76>$E$2, SUMIFS(IF($G$2="CPR",'Grid Data'!$AH$4:$AH$2342,'Grid Data'!$AI$4:$AI$2342),'Grid Data'!$Z$4:$Z$2342,$D45,'Grid Data'!$AA$4:$AA$2342,G$4,'Grid Data'!$Y$4:$Y$2342,$D$2)*100-G13, "--") -> -1.7257 | H45: =IF( H76>$E$2, SUMIFS(IF($G$2="CPR",'Grid Data'!$AH$4:$AH$2342,'Grid Data'!$AI$4:$AI$2342),'Grid Data'!$Z$4:$Z$2342,$D45,'Grid Data'!$AA$4:$AA$2342,H$4,'Grid Data'!$Y$4:$Y$2342,$D$2)*100-H13, "--") -> 0 | I45: =IF( I76>$E$2, SUMIFS(IF($G$2="CPR",'Grid Data'!$AH$4:$AH$2342,'Grid Data'!$AI$4:$AI$2342),'Grid Data'!$Z$4:$Z$2342,$D45,'Grid Data'!$AA$4:$AA$2342,I$4,'Grid Data'!$Y$4:$Y$2342,$D$2)*100-I13, "--") -> -3.0664 | J45: =IF( J76>$E$2, SUMIFS(IF($G$2="CPR",'Grid Data'!$AH$4:$AH$2342,'Grid Data'!$AI$4:$AI$2342),'Grid Data'!$Z$4:$Z$2342,$D45,'Grid Data'!$AA$4:$AA$2342,J$4,'Grid Data'!$Y$4:$Y$2342,$D$2)*100-J13, "--") -> 0 | K45: =IF( K76>$E$2, SUMIFS(IF($G$2="CPR",'Grid Data'!$AH$4:$AH$2342,'Grid Data'!$AI$4:$AI$2342),'Grid Data'!$Z$4:$Z$2342,$D45,'Grid Data'!$AA$4:$AA$2342,K$4,'Grid Data'!$Y$4:$Y$2342,$D$2)*100-K13, "--") -> -1.7652 | L45: =IF( L76>$E$2, SUMIFS(IF($G$2="CPR",'Grid Data'!$AH$4:$AH$2342,'Grid Data'!$AI$4:$AI$2342),'Grid Data'!$Z$4:$Z$2342,$D45,'Grid Data'!$AA$4:$AA$2342,L$4,'Grid Data'!$Y$4:$Y$2342,$D$2)*100-L13, "--") -> 0 | ... AH45: =IF( AH76>$E$2, SUMIFS(IF($G$2="CPR",'Grid Data'!$AH$4:$AH$2342,'Grid Data'!$AI$4:$AI$2342),'Grid Data'!$Z$4:$Z$2342,$D45,'Grid Data'!$AA$4:$AA$2342,AH$4,'Grid Data'!$Y$4:$Y$2342,$D$2)*100-AH13, "--") -> --
D46: 4250 | E46: =IF( E77>$E$2, SUMIFS(IF($G$2="CPR",'Grid Data'!$AH$4:$AH$2342,'Grid Data'!$AI$4:$AI$2342),'Grid Data'!$Z$4:$Z$2342,$D46,'Grid Data'!$AA$4:$AA$2342,E$4,'Grid Data'!$Y$4:$Y$2342,$D$2)*100-E14, "--") -> 0 | F46: =IF( F77>$E$2, SUMIFS(IF($G$2="CPR",'Grid Data'!$AH$4:$AH$2342,'Grid Data'!$AI$4:$AI$2342),'Grid Data'!$Z$4:$Z$2342,$D46,'Grid Data'!$AA$4:$AA$2342,F$4,'Grid Data'!$Y$4:$Y$2342,$D$2)*100-F14, "--") -> 0 | G46: =IF( G77>$E$2, SUMIFS(IF($G$2="CPR",'Grid Data'!$AH$4:$AH$2342,'Grid Data'!$AI$4:$AI$2342),'Grid Data'!$Z$4:$Z$2342,$D46,'Grid Data'!$AA$4:$AA$2342,G$4,'Grid Data'!$Y$4:$Y$2342,$D$2)*100-G14, "--") -> -12.2431 | H46: =IF( H77>$E$2, SUMIFS(IF($G$2="CPR",'Grid Data'!$AH$4:$AH$2342,'Grid Data'!$AI$4:$AI$2342),'Grid Data'!$Z$4:$Z$2342,$D46,'Grid Data'!$AA$4:$AA$2342,H$4,'Grid Data'!$Y$4:$Y$2342,$D$2)*100-H14, "--") -> -8.1969 | I46: =IF( I77>$E$2, SUMIFS(IF($G$2="CPR",'Grid Data'!$AH$4:$AH$2342,'Grid Data'!$AI$4:$AI$2342),'Grid Data'!$Z$4:$Z$2342,$D46,'Grid Data'!$AA$4:$AA$2342,I$4,'Grid Data'!$Y$4:$Y$2342,$D$2)*100-I14, "--") -> 0 | J46: =IF( J77>$E$2, SUMIFS(IF($G$2="CPR",'Grid Data'!$AH$4:$AH$2342,'Grid Data'!$AI$4:$AI$2342),'Grid Data'!$Z$4:$Z$2342,$D46,'Grid Data'!$AA$4:$AA$2342,J$4,'Grid Data'!$Y$4:$Y$2342,$D$2)*100-J14, "--") -> -2.3257 | K46: =IF( K77>$E$2, SUMIFS(IF($G$2="CPR",'Grid Data'!$AH$4:$AH$2342,'Grid Data'!$AI$4:$AI$2342),'Grid Data'!$Z$4:$Z$2342,$D46,'Grid Data'!$AA$4:$AA$2342,K$4,'Grid Data'!$Y$4:$Y$2342,$D$2)*100-K14, "--") -> 0 | L46: =IF( L77>$E$2, SUMIFS(IF($G$2="CPR",'Grid Data'!$AH$4:$AH$2342,'Grid Data'!$AI$4:$AI$2342),'Grid Data'!$Z$4:$Z$2342,$D46,'Grid Data'!$AA$4:$AA$2342,L$4,'Grid Data'!$Y$4:$Y$2342,$D$2)*100-L14, "--") -> -7.7934 | ... AH46: =IF( AH77>$E$2, SUMIFS(IF($G$2="CPR",'Grid Data'!$AH$4:$AH$2342,'Grid Data'!$AI$4:$AI$2342),'Grid Data'!$Z$4:$Z$2342,$D46,'Grid Data'!$AA$4:$AA$2342,AH$4,'Grid Data'!$Y$4:$Y$2342,$D$2)*100-AH14, "--") -> --
D47: 4500 | E47: =IF( E78>$E$2, SUMIFS(IF($G$2="CPR",'Grid Data'!$AH$4:$AH$2342,'Grid Data'!$AI$4:$AI$2342),'Grid Data'!$Z$4:$Z$2342,$D47,'Grid Data'!$AA$4:$AA$2342,E$4,'Grid Data'!$Y$4:$Y$2342,$D$2)*100-E15, "--") -> -2.5113 | F47: =IF( F78>$E$2, SUMIFS(IF($G$2="CPR",'Grid Data'!$AH$4:$AH$2342,'Grid Data'!$AI$4:$AI$2342),'Grid Data'!$Z$4:$Z$2342,$D47,'Grid Data'!$AA$4:$AA$2342,F$4,'Grid Data'!$Y$4:$Y$2342,$D$2)*100-F15, "--") -> -3.4895 | G47: =IF( G78>$E$2, SUMIFS(IF($G$2="CPR",'Grid Data'!$AH$4:$AH$2342,'Grid Data'!$AI$4:$AI$2342),'Grid Data'!$Z$4:$Z$2342,$D47,'Grid Data'!$AA$4:$AA$2342,G$4,'Grid Data'!$Y$4:$Y$2342,$D$2)*100-G15, "--") -> 0 | H47: =IF( H78>$E$2, SUMIFS(IF($G$2="CPR",'Grid Data'!$AH$4:$AH$2342,'Grid Data'!$AI$4:$AI$2342),'Grid Data'!$Z$4:$Z$2342,$D47,'Grid Data'!$AA$4:$AA$2342,H$4,'Grid Data'!$Y$4:$Y$2342,$D$2)*100-H15, "--") -> 0 | I47: =IF( I78>$E$2, SUMIFS(IF($G$2="CPR",'Grid Data'!$AH$4:$AH$2342,'Grid Data'!$AI$4:$AI$2342),'Grid Data'!$Z$4:$Z$2342,$D47,'Grid Data'!$AA$4:$AA$2342,I$4,'Grid Data'!$Y$4:$Y$2342,$D$2)*100-I15, "--") -> 0 | J47: =IF( J78>$E$2, SUMIFS(IF($G$2="CPR",'Grid Data'!$AH$4:$AH$2342,'Grid Data'!$AI$4:$AI$2342),'Grid Data'!$Z$4:$Z$2342,$D47,'Grid Data'!$AA$4:$AA$2342,J$4,'Grid Data'!$Y$4:$Y$2342,$D$2)*100-J15, "--") -> -3.2837 | K47: =IF( K78>$E$2, SUMIFS(IF($G$2="CPR",'Grid Data'!$AH$4:$AH$2342,'Grid Data'!$AI$4:$AI$2342),'Grid Data'!$Z$4:$Z$2342,$D47,'Grid Data'!$AA$4:$AA$2342,K$4,'Grid Data'!$Y$4:$Y$2342,$D$2)*100-K15, "--") -> -2.5754 | L47: =IF( L78>$E$2, SUMIFS(IF($G$2="CPR",'Grid Data'!$AH$4:$AH$2342,'Grid Data'!$AI$4:$AI$2342),'Grid Data'!$Z$4:$Z$2342,$D47,'Grid Data'!$AA$4:$AA$2342,L$4,'Grid Data'!$Y$4:$Y$2342,$D$2)*100-L15, "--") -> -3.2503 | ... AH47: =IF( AH78>$E$2, SUMIFS(IF($G$2="CPR",'Grid Data'!$AH$4:$AH$2342,'Grid Data'!$AI$4:$AI$2342),'Grid Data'!$Z$4:$Z$2342,$D47,'Grid Data'!$AA$4:$AA$2342,AH$4,'Grid Data'!$Y$4:$Y$2342,$D$2)*100-AH15, "--") -> --
D48: 4750 | E48: =IF( E79>$E$2, SUMIFS(IF($G$2="CPR",'Grid Data'!$AH$4:$AH$2342,'Grid Data'!$AI$4:$AI$2342),'Grid Data'!$Z$4:$Z$2342,$D48,'Grid Data'!$AA$4:$AA$2342,E$4,'Grid Data'!$Y$4:$Y$2342,$D$2)*100-E16, "--") -> -1.0224 | F48: =IF( F79>$E$2, SUMIFS(IF($G$2="CPR",'Grid Data'!$AH$4:$AH$2342,'Grid Data'!$AI$4:$AI$2342),'Grid Data'!$Z$4:$Z$2342,$D48,'Grid Data'!$AA$4:$AA$2342,F$4,'Grid Data'!$Y$4:$Y$2342,$D$2)*100-F16, "--") -> 0 | G48: =IF( G79>$E$2, SUMIFS(IF($G$2="CPR",'Grid Data'!$AH$4:$AH$2342,'Grid Data'!$AI$4:$AI$2342),'Grid Data'!$Z$4:$Z$2342,$D48,'Grid Data'!$AA$4:$AA$2342,G$4,'Grid Data'!$Y$4:$Y$2342,$D$2)*100-G16, "--") -> -3.1959 | H48: =IF( H79>$E$2, SUMIFS(IF($G$2="CPR",'Grid Data'!$AH$4:$AH$2342,'Grid Data'!$AI$4:$AI$2342),'Grid Data'!$Z$4:$Z$2342,$D48,'Grid Data'!$AA$4:$AA$2342,H$4,'Grid Data'!$Y$4:$Y$2342,$D$2)*100-H16, "--") -> 0 | I48: =IF( I79>$E$2, SUMIFS(IF($G$2="CPR",'Grid Data'!$AH$4:$AH$2342,'Grid Data'!$AI$4:$AI$2342),'Grid Data'!$Z$4:$Z$2342,$D48,'Grid Data'!$AA$4:$AA$2342,I$4,'Grid Data'!$Y$4:$Y$2342,$D$2)*100-I16, "--") -> -3.7619 | J48: =IF( J79>$E$2, SUMIFS(IF($G$2="CPR",'Grid Data'!$AH$4:$AH$2342,'Grid Data'!$AI$4:$AI$2342),'Grid Data'!$Z$4:$Z$2342,$D48,'Grid Data'!$AA$4:$AA$2342,J$4,'Grid Data'!$Y$4:$Y$2342,$D$2)*100-J16, "--") -> -0.0016 | K48: =IF( K79>$E$2, SUMIFS(IF($G$2="CPR",'Grid Data'!$AH$4:$AH$2342,'Grid Data'!$AI$4:$AI$2342),'Grid Data'!$Z$4:$Z$2342,$D48,'Grid Data'!$AA$4:$AA$2342,K$4,'Grid Data'!$Y$4:$Y$2342,$D$2)*100-K16, "--") -> 0 | L48: =IF( L79>$E$2, SUMIFS(IF($G$2="CPR",'Grid Data'!$AH$4:$AH$2342,'Grid Data'!$AI$4:$AI$2342),'Grid Data'!$Z$4:$Z$2342,$D48,'Grid Data'!$AA$4:$AA$2342,L$4,'Grid Data'!$Y$4:$Y$2342,$D$2)*100-L16, "--") -> -10.2062 | ... AH48: =IF( AH79>$E$2, SUMIFS(IF($G$2="CPR",'Grid Data'!$AH$4:$AH$2342,'Grid Data'!$AI$4:$AI$2342),'Grid Data'!$Z$4:$Z$2342,$D48,'Grid Data'!$AA$4:$AA$2342,AH$4,'Grid Data'!$Y$4:$Y$2342,$D$2)*100-AH16, "--") -> --
D49: 5000 | E49: =IF( E80>$E$2, SUMIFS(IF($G$2="CPR",'Grid Data'!$AH$4:$AH$2342,'Grid Data'!$AI$4:$AI$2342),'Grid Data'!$Z$4:$Z$2342,$D49,'Grid Data'!$AA$4:$AA$2342,E$4,'Grid Data'!$Y$4:$Y$2342,$D$2)*100-E17, "--") -> -1.004 | F49: =IF( F80>$E$2, SUMIFS(IF($G$2="CPR",'Grid Data'!$AH$4:$AH$2342,'Grid Data'!$AI$4:$AI$2342),'Grid Data'!$Z$4:$Z$2342,$D49,'Grid Data'!$AA$4:$AA$2342,F$4,'Grid Data'!$Y$4:$Y$2342,$D$2)*100-F17, "--") -> -1.2549 | G49: =IF( G80>$E$2, SUMIFS(IF($G$2="CPR",'Grid Data'!$AH$4:$AH$2342,'Grid Data'!$AI$4:$AI$2342),'Grid Data'!$Z$4:$Z$2342,$D49,'Grid Data'!$AA$4:$AA$2342,G$4,'Grid Data'!$Y$4:$Y$2342,$D$2)*100-G17, "--") -> -2.9678 | H49: =IF( H80>$E$2, SUMIFS(IF($G$2="CPR",'Grid Data'!$AH$4:$AH$2342,'Grid Data'!$AI$4:$AI$2342),'Grid Data'!$Z$4:$Z$2342,$D49,'Grid Data'!$AA$4:$AA$2342,H$4,'Grid Data'!$Y$4:$Y$2342,$D$2)*100-H17, "--") -> -1.7193 | I49: =IF( I80>$E$2, SUMIFS(IF($G$2="CPR",'Grid Data'!$AH$4:$AH$2342,'Grid Data'!$AI$4:$AI$2342),'Grid Data'!$Z$4:$Z$2342,$D49,'Grid Data'!$AA$4:$AA$2342,I$4,'Grid Data'!$Y$4:$Y$2342,$D$2)*100-I17, "--") -> -2.6797 | J49: =IF( J80>$E$2, SUMIFS(IF($G$2="CPR",'Grid Data'!$AH$4:$AH$2342,'Grid Data'!$AI$4:$AI$2342),'Grid Data'!$Z$4:$Z$2342,$D49,'Grid Data'!$AA$4:$AA$2342,J$4,'Grid Data'!$Y$4:$Y$2342,$D$2)*100-J17, "--") -> 0 | K49: =IF( K80>$E$2, SUMIFS(IF($G$2="CPR",'Grid Data'!$AH$4:$AH$2342,'Grid Data'!$AI$4:$AI$2342),'Grid Data'!$Z$4:$Z$2342,$D49,'Grid Data'!$AA$4:$AA$2342,K$4,'Grid Data'!$Y$4:$Y$2342,$D$2)*100-K17, "--") -> -0.5957 | L49: =IF( L80>$E$2, SUMIFS(IF($G$2="CPR",'Grid Data'!$AH$4:$AH$2342,'Grid Data'!$AI$4:$AI$2342),'Grid Data'!$Z$4:$Z$2342,$D49,'Grid Data'!$AA$4:$AA$2342,L$4,'Grid Data'!$Y$4:$Y$2342,$D$2)*100-L17, "--") -> -2.269 | ... AH49: =IF( AH80>$E$2, SUMIFS(IF($G$2="CPR",'Grid Data'!$AH$4:$AH$2342,'Grid Data'!$AI$4:$AI$2342),'Grid Data'!$Z$4:$Z$2342,$D49,'Grid Data'!$AA$4:$AA$2342,AH$4,'Grid Data'!$Y$4:$Y$2342,$D$2)*100-AH17, "--") -> --
D50: 5250 | E50: =IF( E81>$E$2, SUMIFS(IF($G$2="CPR",'Grid Data'!$AH$4:$AH$2342,'Grid Data'!$AI$4:$AI$2342),'Grid Data'!$Z$4:$Z$2342,$D50,'Grid Data'!$AA$4:$AA$2342,E$4,'Grid Data'!$Y$4:$Y$2342,$D$2)*100-E18, "--") -> -1.9349 | F50: =IF( F81>$E$2, SUMIFS(IF($G$2="CPR",'Grid Data'!$AH$4:$AH$2342,'Grid Data'!$AI$4:$AI$2342),'Grid Data'!$Z$4:$Z$2342,$D50,'Grid Data'!$AA$4:$AA$2342,F$4,'Grid Data'!$Y$4:$Y$2342,$D$2)*100-F18, "--") -> -4.6028 | G50: =IF( G81>$E$2, SUMIFS(IF($G$2="CPR",'Grid Data'!$AH$4:$AH$2342,'Grid Data'!$AI$4:$AI$2342),'Grid Data'!$Z$4:$Z$2342,$D50,'Grid Data'!$AA$4:$AA$2342,G$4,'Grid Data'!$Y$4:$Y$2342,$D$2)*100-G18, "--") -> -9.9217 | H50: =IF( H81>$E$2, SUMIFS(IF($G$2="CPR",'Grid Data'!$AH$4:$AH$2342,'Grid Data'!$AI$4:$AI$2342),'Grid Data'!$Z$4:$Z$2342,$D50,'Grid Data'!$AA$4:$AA$2342,H$4,'Grid Data'!$Y$4:$Y$2342,$D$2)*100-H18, "--") -> -1.9174 | I50: =IF( I81>$E$2, SUMIFS(IF($G$2="CPR",'Grid Data'!$AH$4:$AH$2342,'Grid Data'!$AI$4:$AI$2342),'Grid Data'!$Z$4:$Z$2342,$D50,'Grid Data'!$AA$4:$AA$2342,I$4,'Grid Data'!$Y$4:$Y$2342,$D$2)*100-I18, "--") -> -4.0283 | J50: =IF( J81>$E$2, SUMIFS(IF($G$2="CPR",'Grid Data'!$AH$4:$AH$2342,'Grid Data'!$AI$4:$AI$2342),'Grid Data'!$Z$4:$Z$2342,$D50,'Grid Data'!$AA$4:$AA$2342,J$4,'Grid Data'!$Y$4:$Y$2342,$D$2)*100-J18, "--") -> -2.0338 | K50: =IF( K81>$E$2, SUMIFS(IF($G$2="CPR",'Grid Data'!$AH$4:$AH$2342,'Grid Data'!$AI$4:$AI$2342),'Grid Data'!$Z$4:$Z$2342,$D50,'Grid Data'!$AA$4:$AA$2342,K$4,'Grid Data'!$Y$4:$Y$2342,$D$2)*100-K18, "--") -> -11.5862 | L50: =IF( L81>$E$2, SUMIFS(IF($G$2="CPR",'Grid Data'!$AH$4:$AH$2342,'Grid Data'!$AI$4:$AI$2342),'Grid Data'!$Z$4:$Z$2342,$D50,'Grid Data'!$AA$4:$AA$2342,L$4,'Grid Data'!$Y$4:$Y$2342,$D$2)*100-L18, "--") -> -5.9857 | ... AH50: =IF( AH81>$E$2, SUMIFS(IF($G$2="CPR",'Grid Data'!$AH$4:$AH$2342,'Grid Data'!$AI$4:$AI$2342),'Grid Data'!$Z$4:$Z$2342,$D50,'Grid Data'!$AA$4:$AA$2342,AH$4,'Grid Data'!$Y$4:$Y$2342,$D$2)*100-AH18, "--") -> --
... D65: 20000 | E65: =IF( E96>$E$2, SUMIFS(IF($G$2="CPR",'Grid Data'!$AH$4:$AH$2342,'Grid Data'!$AI$4:$AI$2342),'Grid Data'!$Z$4:$Z$2342,$D65,'Grid Data'!$AA$4:$AA$2342,E$4,'Grid Data'!$Y$4:$Y$2342,$D$2)*100-E33, "--") -> -- | F65: =IF( F96>$E$2, SUMIFS(IF($G$2="CPR",'Grid Data'!$AH$4:$AH$2342,'Grid Data'!$AI$4:$AI$2342),'Grid Data'!$Z$4:$Z$2342,$D65,'Grid Data'!$AA$4:$AA$2342,F$4,'Grid Data'!$Y$4:$Y$2342,$D$2)*100-F33, "--") -> -- | G65: =IF( G96>$E$2, SUMIFS(IF($G$2="CPR",'Grid Data'!$AH$4:$AH$2342,'Grid Data'!$AI$4:$AI$2342),'Grid Data'!$Z$4:$Z$2342,$D65,'Grid Data'!$AA$4:$AA$2342,G$4,'Grid Data'!$Y$4:$Y$2342,$D$2)*100-G33, "--") -> -- | H65: =IF( H96>$E$2, SUMIFS(IF($G$2="CPR",'Grid Data'!$AH$4:$AH$2342,'Grid Data'!$AI$4:$AI$2342),'Grid Data'!$Z$4:$Z$2342,$D65,'Grid Data'!$AA$4:$AA$2342,H$4,'Grid Data'!$Y$4:$Y$2342,$D$2)*100-H33, "--") -> -- | I65: =IF( I96>$E$2, SUMIFS(IF($G$2="CPR",'Grid Data'!$AH$4:$AH$2342,'Grid Data'!$AI$4:$AI$2342),'Grid Data'!$Z$4:$Z$2342,$D65,'Grid Data'!$AA$4:$AA$2342,I$4,'Grid Data'!$Y$4:$Y$2342,$D$2)*100-I33, "--") -> -- | J65: =IF( J96>$E$2, SUMIFS(IF($G$2="CPR",'Grid Data'!$AH$4:$AH$2342,'Grid Data'!$AI$4:$AI$2342),'Grid Data'!$Z$4:$Z$2342,$D65,'Grid Data'!$AA$4:$AA$2342,J$4,'Grid Data'!$Y$4:$Y$2342,$D$2)*100-J33, "--") -> -- | K65: =IF( K96>$E$2, SUMIFS(IF($G$2="CPR",'Grid Data'!$AH$4:$AH$2342,'Grid Data'!$AI$4:$AI$2342),'Grid Data'!$Z$4:$Z$2342,$D65,'Grid Data'!$AA$4:$AA$2342,K$4,'Grid Data'!$Y$4:$Y$2342,$D$2)*100-K33, "--") -> -- | L65: =IF( L96>$E$2, SUMIFS(IF($G$2="CPR",'Grid Data'!$AH$4:$AH$2342,'Grid Data'!$AI$4:$AI$2342),'Grid Data'!$Z$4:$Z$2342,$D65,'Grid Data'!$AA$4:$AA$2342,L$4,'Grid Data'!$Y$4:$Y$2342,$D$2)*100-L33, "--") -> -- | ... AH65: =IF( AH96>$E$2, SUMIFS(IF($G$2="CPR",'Grid Data'!$AH$4:$AH$2342,'Grid Data'!$AI$4:$AI$2342),'Grid Data'!$Z$4:$Z$2342,$D65,'Grid Data'!$AA$4:$AA$2342,AH$4,'Grid Data'!$Y$4:$Y$2342,$D$2)*100-AH33, "--") -> --
C67: Apr | D67: Ln Count | E67: 5 | F67: 6 | G67: 7 | H67: 8 | I67: 9 | J67: 10 | K67: 12 | L67: 14 | M67: 16 | N67: 18 | O67: 20 | P67: 24 | Q67: 30 | R67: 36 | S67: 42 | T67: 48 | U67: 54 | V67: 60 | W67: 72 | X67: 84 | Y67: 96 | Z67: 108 | AA67: 120 | AB67: 144 | AC67: 168 | AD67: 192 | AE67: 216 | AF67: 240 | AG67: 320 | AH67: 360
D68: 2000 | E68: =SUMIFS('Grid Data'!$P$4:$P$2342,'Grid Data'!$N$4:$N$2342,$D68,'Grid Data'!$O$4:$O$2342,E$4,'Grid Data'!$M$4:$M$2342,$D$2) -> 0 | F68: =SUMIFS('Grid Data'!$P$4:$P$2342,'Grid Data'!$N$4:$N$2342,$D68,'Grid Data'!$O$4:$O$2342,F$4,'Grid Data'!$M$4:$M$2342,$D$2) -> 0 | G68: =SUMIFS('Grid Data'!$P$4:$P$2342,'Grid Data'!$N$4:$N$2342,$D68,'Grid Data'!$O$4:$O$2342,G$4,'Grid Data'!$M$4:$M$2342,$D$2) -> 0 | H68: =SUMIFS('Grid Data'!$P$4:$P$2342,'Grid Data'!$N$4:$N$2342,$D68,'Grid Data'!$O$4:$O$2342,H$4,'Grid Data'!$M$4:$M$2342,$D$2) -> 0 | I68: =SUMIFS('Grid Data'!$P$4:$P$2342,'Grid Data'!$N$4:$N$2342,$D68,'Grid Data'!$O$4:$O$2342,I$4,'Grid Data'!$M$4:$M$2342,$D$2) -> 0 | J68: =SUMIFS('Grid Data'!$P$4:$P$2342,'Grid Data'!$N$4:$N$2342,$D68,'Grid Data'!$O$4:$O$2342,J$4,'Grid Data'!$M$4:$M$2342,$D$2) -> 0 | K68: =SUMIFS('Grid Data'!$P$4:$P$2342,'Grid Data'!$N$4:$N$2342,$D68,'Grid Data'!$O$4:$O$2342,K$4,'Grid Data'!$M$4:$M$2342,$D$2) -> 1 | L68: =SUMIFS('Grid Data'!$P$4:$P$2342,'Grid Data'!$N$4:$N$2342,$D68,'Grid Data'!$O$4:$O$2342,L$4,'Grid Data'!$M$4:$M$2342,$D$2) -> 0 | ... AH68: =SUMIFS('Grid Data'!$P$4:$P$2342,'Grid Data'!$N$4:$N$2342,$D68,'Grid Data'!$O$4:$O$2342,AH$4,'Grid Data'!$M$4:$M$2342,$D$2) -> 0
D69: 2250 | E69: =SUMIFS('Grid Data'!$P$4:$P$2342,'Grid Data'!$N$4:$N$2342,$D69,'Grid Data'!$O$4:$O$2342,E$4,'Grid Data'!$M$4:$M$2342,$D$2) -> 0 | F69: =SUMIFS('Grid Data'!$P$4:$P$2342,'Grid Data'!$N$4:$N$2342,$D69,'Grid Data'!$O$4:$O$2342,F$4,'Grid Data'!$M$4:$M$2342,$D$2) -> 0 | G69: =SUMIFS('Grid Data'!$P$4:$P$2342,'Grid Data'!$N$4:$N$2342,$D69,'Grid Data'!$O$4:$O$2342,G$4,'Grid Data'!$M$4:$M$2342,$D$2) -> 0 | H69: =SUMIFS('Grid Data'!$P$4:$P$2342,'Grid Data'!$N$4:$N$2342,$D69,'Grid Data'!$O$4:$O$2342,H$4,'Grid Data'!$M$4:$M$2342,$D$2) -> 0 | I69: =SUMIFS('Grid Data'!$P$4:$P$2342,'Grid Data'!$N$4:$N$2342,$D69,'Grid Data'!$O$4:$O$2342,I$4,'Grid Data'!$M$4:$M$2342,$D$2) -> 0 | J69: =SUMIFS('Grid Data'!$P$4:$P$2342,'Grid Data'!$N$4:$N$2342,$D69,'Grid Data'!$O$4:$O$2342,J$4,'Grid Data'!$M$4:$M$2342,$D$2) -> 1 | K69: =SUMIFS('Grid Data'!$P$4:$P$2342,'Grid Data'!$N$4:$N$2342,$D69,'Grid Data'!$O$4:$O$2342,K$4,'Grid Data'!$M$4:$M$2342,$D$2) -> 4 | L69: =SUMIFS('Grid Data'!$P$4:$P$2342,'Grid Data'!$N$4:$N$2342,$D69,'Grid Data'!$O$4:$O$2342,L$4,'Grid Data'!$M$4:$M$2342,$D$2) -> 1 | ... AH69: =SUMIFS('Grid Data'!$P$4:$P$2342,'Grid Data'!$N$4:$N$2342,$D69,'Grid Data'!$O$4:$O$2342,AH$4,'Grid Data'!$M$4:$M$2342,$D$2) -> 0
D70: 2500 | E70: =SUMIFS('Grid Data'!$P$4:$P$2342,'Grid Data'!$N$4:$N$2342,$D70,'Grid Data'!$O$4:$O$2342,E$4,'Grid Data'!$M$4:$M$2342,$D$2) -> 5 | F70: =SUMIFS('Grid Data'!$P$4:$P$2342,'Grid Data'!$N$4:$N$2342,$D70,'Grid Data'!$O$4:$O$2342,F$4,'Grid Data'!$M$4:$M$2342,$D$2) -> 1 | G70: =SUMIFS('Grid Data'!$P$4:$P$2342,'Grid Data'!$N$4:$N$2342,$D70,'Grid Data'!$O$4:$O$2342,G$4,'Grid Data'!$M$4:$M$2342,$D$2) -> 3 | H70: =SUMIFS('Grid Data'!$P$4:$P$2342,'Grid Data'!$N$4:$N$2342,$D70,'Grid Data'!$O$4:$O$2342,H$4,'Grid Data'!$M$4:$M$2342,$D$2) -> 12 | I70: =SUMIFS('Grid Data'!$P$4:$P$2342,'Grid Data'!$N$4:$N$2342,$D70,'Grid Data'!$O$4:$O$2342,I$4,'Grid Data'!$M$4:$M$2342,$D$2) -> 6 | J70: =SUMIFS('Grid Data'!$P$4:$P$2342,'Grid Data'!$N$4:$N$2342,$D70,'Grid Data'!$O$4:$O$2342,J$4,'Grid Data'!$M$4:$M$2342,$D$2) -> 1 | K70: =SUMIFS('Grid Data'!$P$4:$P$2342,'Grid Data'!$N$4:$N$2342,$D70,'Grid Data'!$O$4:$O$2342,K$4,'Grid Data'!$M$4:$M$2342,$D$2) -> 7 | L70: =SUMIFS('Grid Data'!$P$4:$P$2342,'Grid Data'!$N$4:$N$2342,$D70,'Grid Data'!$O$4:$O$2342,L$4,'Grid Data'!$M$4:$M$2342,$D$2) -> 1 | ... AH70: =SUMIFS('Grid Data'!$P$4:$P$2342,'Grid Data'!$N$4:$N$2342,$D70,'Grid Data'!$O$4:$O$2342,AH$4,'Grid Data'!$M$4:$M$2342,$D$2) -> 0
D71: 2750 | E71: =SUMIFS('Grid Data'!$P$4:$P$2342,'Grid Data'!$N$4:$N$2342,$D71,'Grid Data'!$O$4:$O$2342,E$4,'Grid Data'!$M$4:$M$2342,$D$2) -> 5 | F71: =SUMIFS('Grid Data'!$P$4:$P$2342,'Grid Data'!$N$4:$N$2342,$D71,'Grid Data'!$O$4:$O$2342,F$4,'Grid Data'!$M$4:$M$2342,$D$2) -> 0 | G71: =SUMIFS('Grid Data'!$P$4:$P$2342,'Grid Data'!$N$4:$N$2342,$D71,'Grid Data'!$O$4:$O$2342,G$4,'Grid Data'!$M$4:$M$2342,$D$2) -> 1 | H71: =SUMIFS('Grid Data'!$P$4:$P$2342,'Grid Data'!$N$4:$N$2342,$D71,'Grid Data'!$O$4:$O$2342,H$4,'Grid Data'!$M$4:$M$2342,$D$2) -> 1 | I71: =SUMIFS('Grid Data'!$P$4:$P$2342,'Grid Data'!$N$4:$N$2342,$D71,'Grid Data'!$O$4:$O$2342,I$4,'Grid Data'!$M$4:$M$2342,$D$2) -> 1 | J71: =SUMIFS('Grid Data'!$P$4:$P$2342,'Grid Data'!$N$4:$N$2342,$D71,'Grid Data'!$O$4:$O$2342,J$4,'Grid Data'!$M$4:$M$2342,$D$2) -> 2 | K71: =SUMIFS('Grid Data'!$P$4:$P$2342,'Grid Data'!$N$4:$N$2342,$D71,'Grid Data'!$O$4:$O$2342,K$4,'Grid Data'!$M$4:$M$2342,$D$2) -> 5 | L71: =SUMIFS('Grid Data'!$P$4:$P$2342,'Grid Data'!$N$4:$N$2342,$D71,'Grid Data'!$O$4:$O$2342,L$4,'Grid Data'!$M$4:$M$2342,$D$2) -> 2 | ... AH71: =SUMIFS('Grid Data'!$P$4:$P$2342,'Grid Data'!$N$4:$N$2342,$D71,'Grid Data'!$O$4:$O$2342,AH$4,'Grid Data'!$M$4:$M$2342,$D$2) -> 0
D72: 3000 | E72: =SUMIFS('Grid Data'!$P$4:$P$2342,'Grid Data'!$N$4:$N$2342,$D72,'Grid Data'!$O$4:$O$2342,E$4,'Grid Data'!$M$4:$M$2342,$D$2) -> 6 | F72: =SUMIFS('Grid Data'!$P$4:$P$2342,'Grid Data'!$N$4:$N$2342,$D72,'Grid Data'!$O$4:$O$2342,F$4,'Grid Data'!$M$4:$M$2342,$D$2) -> 0 | G72: =SUMIFS('Grid Data'!$P$4:$P$2342,'Grid Data'!$N$4:$N$2342,$D72,'Grid Data'!$O$4:$O$2342,G$4,'Grid Data'!$M$4:$M$2342,$D$2) -> 1 | H72: =SUMIFS('Grid Data'!$P$4:$P$2342,'Grid Data'!$N$4:$N$2342,$D72,'Grid Data'!$O$4:$O$2342,H$4,'Grid Data'!$M$4:$M$2342,$D$2) -> 1 | I72: =SUMIFS('Grid Data'!$P$4:$P$2342,'Grid Data'!$N$4:$N$2342,$D72,'Grid Data'!$O$4:$O$2342,I$4,'Grid Data'!$M$4:$M$2342,$D$2) -> 2 | J72: =SUMIFS('Grid Data'!$P$4:$P$2342,'Grid Data'!$N$4:$N$2342,$D72,'Grid Data'!$O$4:$O$2342,J$4,'Grid Data'!$M$4:$M$2342,$D$2) -> 1 | K72: =SUMIFS('Grid Data'!$P$4:$P$2342,'Grid Data'!$N$4:$N$2342,$D72,'Grid Data'!$O$4:$O$2342,K$4,'Grid Data'!$M$4:$M$2342,$D$2) -> 8 | L72: =SUMIFS('Grid Data'!$P$4:$P$2342,'Grid Data'!$N$4:$N$2342,$D72,'Grid Data'!$O$4:$O$2342,L$4,'Grid Data'!$M$4:$M$2342,$D$2) -> 2 | ... AH72: =SUMIFS('Grid Data'!$P$4:$P$2342,'Grid Data'!$N$4:$N$2342,$D72,'Grid Data'!$O$4:$O$2342,AH$4,'Grid Data'!$M$4:$M$2342,$D$2) -> 0
D73: 3250 | E73: =SUMIFS('Grid Data'!$P$4:$P$2342,'Grid Data'!$N$4:$N$2342,$D73,'Grid Data'!$O$4:$O$2342,E$4,'Grid Data'!$M$4:$M$2342,$D$2) -> 59 | F73: =SUMIFS('Grid Data'!$P$4:$P$2342,'Grid Data'!$N$4:$N$2342,$D73,'Grid Data'!$O$4:$O$2342,F$4,'Grid Data'!$M$4:$M$2342,$D$2) -> 1 | G73: =SUMIFS('Grid Data'!$P$4:$P$2342,'Grid Data'!$N$4:$N$2342,$D73,'Grid Data'!$O$4:$O$2342,G$4,'Grid Data'!$M$4:$M$2342,$D$2) -> 16 | H73: =SUMIFS('Grid Data'!$P$4:$P$2342,'Grid Data'!$N$4:$N$2342,$D73,'Grid Data'!$O$4:$O$2342,H$4,'Grid Data'!$M$4:$M$2342,$D$2) -> 3 | I73: =SUMIFS('Grid Data'!$P$4:$P$2342,'Grid Data'!$N$4:$N$2342,$D73,'Grid Data'!$O$4:$O$2342,I$4,'Grid Data'!$M$4:$M$2342,$D$2) -> 4 | J73: =SUMIFS('Grid Data'!$P$4:$P$2342,'Grid Data'!$N$4:$N$2342,$D73,'Grid Data'!$O$4:$O$2342,J$4,'Grid Data'!$M$4:$M$2342,$D$2) -> 9 | K73: =SUMIFS('Grid Data'!$P$4:$P$2342,'Grid Data'!$N$4:$N$2342,$D73,'Grid Data'!$O$4:$O$2342,K$4,'Grid Data'!$M$4:$M$2342,$D$2) -> 9 | L73: =SUMIFS('Grid Data'!$P$4:$P$2342,'Grid Data'!$N$4:$N$2342,$D73,'Grid Data'!$O$4:$O$2342,L$4,'Grid Data'!$M$4:$M$2342,$D$2) -> 9 | ... AH73: =SUMIFS('Grid Data'!$P$4:$P$2342,'Grid Data'!$N$4:$N$2342,$D73,'Grid Data'!$O$4:$O$2342,AH$4,'Grid Data'!$M$4:$M$2342,$D$2) -> 0
D74: 3500 | E74: =SUMIFS('Grid Data'!$P$4:$P$2342,'Grid Data'!$N$4:$N$2342,$D74,'Grid Data'!$O$4:$O$2342,E$4,'Grid Data'!$M$4:$M$2342,$D$2) -> 183 | F74: =SUMIFS('Grid Data'!$P$4:$P$2342,'Grid Data'!$N$4:$N$2342,$D74,'Grid Data'!$O$4:$O$2342,F$4,'Grid Data'!$M$4:$M$2342,$D$2) -> 20 | G74: =SUMIFS('Grid Data'!$P$4:$P$2342,'Grid Data'!$N$4:$N$2342,$D74,'Grid Data'!$O$4:$O$2342,G$4,'Grid Data'!$M$4:$M$2342,$D$2) -> 13 | H74: =SUMIFS('Grid Data'!$P$4:$P$2342,'Grid Data'!$N$4:$N$2342,$D74,'Grid Data'!$O$4:$O$2342,H$4,'Grid Data'!$M$4:$M$2342,$D$2) -> 10 | I74: =SUMIFS('Grid Data'!$P$4:$P$2342,'Grid Data'!$N$4:$N$2342,$D74,'Grid Data'!$O$4:$O$2342,I$4,'Grid Data'!$M$4:$M$2342,$D$2) -> 9 | J74: =SUMIFS('Grid Data'!$P$4:$P$2342,'Grid Data'!$N$4:$N$2342,$D74,'Grid Data'!$O$4:$O$2342,J$4,'Grid Data'!$M$4:$M$2342,$D$2) -> 9 | K74: =SUMIFS('Grid Data'!$P$4:$P$2342,'Grid Data'!$N$4:$N$2342,$D74,'Grid Data'!$O$4:$O$2342,K$4,'Grid Data'!$M$4:$M$2342,$D$2) -> 6 | L74: =SUMIFS('Grid Data'!$P$4:$P$2342,'Grid Data'!$N$4:$N$2342,$D74,'Grid Data'!$O$4:$O$2342,L$4,'Grid Data'!$M$4:$M$2342,$D$2) -> 27 | ... AH74: =SUMIFS('Grid Data'!$P$4:$P$2342,'Grid Data'!$N$4:$N$2342,$D74,'Grid Data'!$O$4:$O$2342,AH$4,'Grid Data'!$M$4:$M$2342,$D$2) -> 0
D75: 3750 | E75: =SUMIFS('Grid Data'!$P$4:$P$2342,'Grid Data'!$N$4:$N$2342,$D75,'Grid Data'!$O$4:$O$2342,E$4,'Grid Data'!$M$4:$M$2342,$D$2) -> 347 | F75: =SUMIFS('Grid Data'!$P$4:$P$2342,'Grid Data'!$N$4:$N$2342,$D75,'Grid Data'!$O$4:$O$2342,F$4,'Grid Data'!$M$4:$M$2342,$D$2) -> 37 | G75: =SUMIFS('Grid Data'!$P$4:$P$2342,'Grid Data'!$N$4:$N$2342,$D75,'Grid Data'!$O$4:$O$2342,G$4,'Grid Data'!$M$4:$M$2342,$D$2) -> 72 | H75: =SUMIFS('Grid Data'!$P$4:$P$2342,'Grid Data'!$N$4:$N$2342,$D75,'Grid Data'!$O$4:$O$2342,H$4,'Grid Data'!$M$4:$M$2342,$D$2) -> 44 | I75: =SUMIFS('Grid Data'!$P$4:$P$2342,'Grid Data'!$N$4:$N$2342,$D75,'Grid Data'!$O$4:$O$2342,I$4,'Grid Data'!$M$4:$M$2342,$D$2) -> 28 | J75: =SUMIFS('Grid Data'!$P$4:$P$2342,'Grid Data'!$N$4:$N$2342,$D75,'Grid Data'!$O$4:$O$2342,J$4,'Grid Data'!$M$4:$M$2342,$D$2) -> 65 | K75: =SUMIFS('Grid Data'!$P$4:$P$2342,'Grid Data'!$N$4:$N$2342,$D75,'Grid Data'!$O$4:$O$2342,K$4,'Grid Data'!$M$4:$M$2342,$D$2) -> 64 | L75: =SUMIFS('Grid Data'!$P$4:$P$2342,'Grid Data'!$N$4:$N$2342,$D75,'Grid Data'!$O$4:$O$2342,L$4,'Grid Data'!$M$4:$M$2342,$D$2) -> 64 | ... AH75: =SUMIFS('Grid Data'!$P$4:$P$2342,'Grid Data'!$N$4:$N$2342,$D75,'Grid Data'!$O$4:$O$2342,AH$4,'Grid Data'!$M$4:$M$2342,$D$2) -> 0
D76: 4000 | E76: =SUMIFS('Grid Data'!$P$4:$P$2342,'Grid Data'!$N$4:$N$2342,$D76,'Grid Data'!$O$4:$O$2342,E$4,'Grid Data'!$M$4:$M$2342,$D$2) -> 4468 | F76: =SUMIFS('Grid Data'!$P$4:$P$2342,'Grid Data'!$N$4:$N$2342,$D76,'Grid Data'!$O$4:$O$2342,F$4,'Grid Data'!$M$4:$M$2342,$D$2) -> 933 | G76: =SUMIFS('Grid Data'!$P$4:$P$2342,'Grid Data'!$N$4:$N$2342,$D76,'Grid Data'!$O$4:$O$2342,G$4,'Grid Data'!$M$4:$M$2342,$D$2) -> 630 | H76: =SUMIFS('Grid Data'!$P$4:$P$2342,'Grid Data'!$N$4:$N$2342,$D76,'Grid Data'!$O$4:$O$2342,H$4,'Grid Data'!$M$4:$M$2342,$D$2) -> 441 | I76: =SUMIFS('Grid Data'!$P$4:$P$2342,'Grid Data'!$N$4:$N$2342,$D76,'Grid Data'!$O$4:$O$2342,I$4,'Grid Data'!$M$4:$M$2342,$D$2) -> 630 | J76: =SUMIFS('Grid Data'!$P$4:$P$2342,'Grid Data'!$N$4:$N$2342,$D76,'Grid Data'!$O$4:$O$2342,J$4,'Grid Data'!$M$4:$M$2342,$D$2) -> 492 | K76: =SUMIFS('Grid Data'!$P$4:$P$2342,'Grid Data'!$N$4:$N$2342,$D76,'Grid Data'!$O$4:$O$2342,K$4,'Grid Data'!$M$4:$M$2342,$D$2) -> 429 | L76: =SUMIFS('Grid Data'!$P$4:$P$2342,'Grid Data'!$N$4:$N$2342,$D76,'Grid Data'!$O$4:$O$2342,L$4,'Grid Data'!$M$4:$M$2342,$D$2) -> 452 | ... AH76: =SUMIFS('Grid Data'!$P$4:$P$2342,'Grid Data'!$N$4:$N$2342,$D76,'Grid Data'!$O$4:$O$2342,AH$4,'Grid Data'!$M$4:$M$2342,$D$2) -> 0
D77: 4250 | E77: =SUMIFS('Grid Data'!$P$4:$P$2342,'Grid Data'!$N$4:$N$2342,$D77,'Grid Data'!$O$4:$O$2342,E$4,'Grid Data'!$M$4:$M$2342,$D$2) -> 1127 | F77: =SUMIFS('Grid Data'!$P$4:$P$2342,'Grid Data'!$N$4:$N$2342,$D77,'Grid Data'!$O$4:$O$2342,F$4,'Grid Data'!$M$4:$M$2342,$D$2) -> 138 | G77: =SUMIFS('Grid Data'!$P$4:$P$2342,'Grid Data'!$N$4:$N$2342,$D77,'Grid Data'!$O$4:$O$2342,G$4,'Grid Data'!$M$4:$M$2342,$D$2) -> 171 | H77: =SUMIFS('Grid Data'!$P$4:$P$2342,'Grid Data'!$N$4:$N$2342,$D77,'Grid Data'!$O$4:$O$2342,H$4,'Grid Data'!$M$4:$M$2342,$D$2) -> 127 | I77: =SUMIFS('Grid Data'!$P$4:$P$2342,'Grid Data'!$N$4:$N$2342,$D77,'Grid Data'!$O$4:$O$2342,I$4,'Grid Data'!$M$4:$M$2342,$D$2) -> 138 | J77: =SUMIFS('Grid Data'!$P$4:$P$2342,'Grid Data'!$N$4:$N$2342,$D77,'Grid Data'!$O$4:$O$2342,J$4,'Grid Data'!$M$4:$M$2342,$D$2) -> 171 | K77: =SUMIFS('Grid Data'!$P$4:$P$2342,'Grid Data'!$N$4:$N$2342,$D77,'Grid Data'!$O$4:$O$2342,K$4,'Grid Data'!$M$4:$M$2342,$D$2) -> 244 | L77: =SUMIFS('Grid Data'!$P$4:$P$2342,'Grid Data'!$N$4:$N$2342,$D77,'Grid Data'!$O$4:$O$2342,L$4,'Grid Data'!$M$4:$M$2342,$D$2) -> 263 | ... AH77: =SUMIFS('Grid Data'!$P$4:$P$2342,'Grid Data'!$N$4:$N$2342,$D77,'Grid Data'!$O$4:$O$2342,AH$4,'Grid Data'!$M$4:$M$2342,$D$2) -> 0
D78: 4500 | E78: =SUMIFS('Grid Data'!$P$4:$P$2342,'Grid Data'!$N$4:$N$2342,$D78,'Grid Data'!$O$4:$O$2342,E$4,'Grid Data'!$M$4:$M$2342,$D$2) -> 1656 | F78: =SUMIFS('Grid Data'!$P$4:$P$2342,'Grid Data'!$N$4:$N$2342,$D78,'Grid Data'!$O$4:$O$2342,F$4,'Grid Data'!$M$4:$M$2342,$D$2) -> 205 | G78: =SUMIFS('Grid Data'!$P$4:$P$2342,'Grid Data'!$N$4:$N$2342,$D78,'Grid Data'!$O$4:$O$2342,G$4,'Grid Data'!$M$4:$M$2342,$D$2) -> 225 | H78: =SUMIFS('Grid Data'!$P$4:$P$2342,'Grid Data'!$N$4:$N$2342,$D78,'Grid Data'!$O$4:$O$2342,H$4,'Grid Data'!$M$4:$M$2342,$D$2) -> 220 | I78: =SUMIFS('Grid Data'!$P$4:$P$2342,'Grid Data'!$N$4:$N$2342,$D78,'Grid Data'!$O$4:$O$2342,I$4,'Grid Data'!$M$4:$M$2342,$D$2) -> 320 | J78: =SUMIFS('Grid Data'!$P$4:$P$2342,'Grid Data'!$N$4:$N$2342,$D78,'Grid Data'!$O$4:$O$2342,J$4,'Grid Data'!$M$4:$M$2342,$D$2) -> 368 | K78: =SUMIFS('Grid Data'!$P$4:$P$2342,'Grid Data'!$N$4:$N$2342,$D78,'Grid Data'!$O$4:$O$2342,K$4,'Grid Data'!$M$4:$M$2342,$D$2) -> 626 | L78: =SUMIFS('Grid Data'!$P$4:$P$2342,'Grid Data'!$N$4:$N$2342,$D78,'Grid Data'!$O$4:$O$2342,L$4,'Grid Data'!$M$4:$M$2342,$D$2) -> 670 | ... AH78: =SUMIFS('Grid Data'!$P$4:$P$2342,'Grid Data'!$N$4:$N$2342,$D78,'Grid Data'!$O$4:$O$2342,AH$4,'Grid Data'!$M$4:$M$2342,$D$2) -> 0
D79: 4750 | E79: =SUMIFS('Grid Data'!$P$4:$P$2342,'Grid Data'!$N$4:$N$2342,$D79,'Grid Data'!$O$4:$O$2342,E$4,'Grid Data'!$M$4:$M$2342,$D$2) -> 3642 | F79: =SUMIFS('Grid Data'!$P$4:$P$2342,'Grid Data'!$N$4:$N$2342,$D79,'Grid Data'!$O$4:$O$2342,F$4,'Grid Data'!$M$4:$M$2342,$D$2) -> 305 | G79: =SUMIFS('Grid Data'!$P$4:$P$2342,'Grid Data'!$N$4:$N$2342,$D79,'Grid Data'!$O$4:$O$2342,G$4,'Grid Data'!$M$4:$M$2342,$D$2) -> 291 | H79: =SUMIFS('Grid Data'!$P$4:$P$2342,'Grid Data'!$N$4:$N$2342,$D79,'Grid Data'!$O$4:$O$2342,H$4,'Grid Data'!$M$4:$M$2342,$D$2) -> 281 | I79: =SUMIFS('Grid Data'!$P$4:$P$2342,'Grid Data'!$N$4:$N$2342,$D79,'Grid Data'!$O$4:$O$2342,I$4,'Grid Data'!$M$4:$M$2342,$D$2) -> 255 | J79: =SUMIFS('Grid Data'!$P$4:$P$2342,'Grid Data'!$N$4:$N$2342,$D79,'Grid Data'!$O$4:$O$2342,J$4,'Grid Data'!$M$4:$M$2342,$D$2) -> 319 | K79: =SUMIFS('Grid Data'!$P$4:$P$2342,'Grid Data'!$N$4:$N$2342,$D79,'Grid Data'!$O$4:$O$2342,K$4,'Grid Data'!$M$4:$M$2342,$D$2) -> 535 | L79: =SUMIFS('Grid Data'!$P$4:$P$2342,'Grid Data'!$N$4:$N$2342,$D79,'Grid Data'!$O$4:$O$2342,L$4,'Grid Data'!$M$4:$M$2342,$D$2) -> 419 | ... AH79: =SUMIFS('Grid Data'!$P$4:$P$2342,'Grid Data'!$N$4:$N$2342,$D79,'Grid Data'!$O$4:$O$2342,AH$4,'Grid Data'!$M$4:$M$2342,$D$2) -> 0
... D96: 20000 | E96: =SUMIFS('Grid Data'!$P$4:$P$2342,'Grid Data'!$N$4:$N$2342,$D96,'Grid Data'!$O$4:$O$2342,E$4,'Grid Data'!$M$4:$M$2342,$D$2) -> 0 | F96: =SUMIFS('Grid Data'!$P$4:$P$2342,'Grid Data'!$N$4:$N$2342,$D96,'Grid Data'!$O$4:$O$2342,F$4,'Grid Data'!$M$4:$M$2342,$D$2) -> 0 | G96: =SUMIFS('Grid Data'!$P$4:$P$2342,'Grid Data'!$N$4:$N$2342,$D96,'Grid Data'!$O$4:$O$2342,G$4,'Grid Data'!$M$4:$M$2342,$D$2) -> 0 | H96: =SUMIFS('Grid Data'!$P$4:$P$2342,'Grid Data'!$N$4:$N$2342,$D96,'Grid Data'!$O$4:$O$2342,H$4,'Grid Data'!$M$4:$M$2342,$D$2) -> 0 | I96: =SUMIFS('Grid Data'!$P$4:$P$2342,'Grid Data'!$N$4:$N$2342,$D96,'Grid Data'!$O$4:$O$2342,I$4,'Grid Data'!$M$4:$M$2342,$D$2) -> 0 | J96: =SUMIFS('Grid Data'!$P$4:$P$2342,'Grid Data'!$N$4:$N$2342,$D96,'Grid Data'!$O$4:$O$2342,J$4,'Grid Data'!$M$4:$M$2342,$D$2) -> 0 | K96: =SUMIFS('Grid Data'!$P$4:$P$2342,'Grid Data'!$N$4:$N$2342,$D96,'Grid Data'!$O$4:$O$2342,K$4,'Grid Data'!$M$4:$M$2342,$D$2) -> 0 | L96: =SUMIFS('Grid Data'!$P$4:$P$2342,'Grid Data'!$N$4:$N$2342,$D96,'Grid Data'!$O$4:$O$2342,L$4,'Grid Data'!$M$4:$M$2342,$D$2) -> 0 | ... AH96: =SUMIFS('Grid Data'!$P$4:$P$2342,'Grid Data'!$N$4:$N$2342,$D96,'Grid Data'!$O$4:$O$2342,AH$4,'Grid Data'!$M$4:$M$2342,$D$2) -> 4
D98: FHA | E98: May CPR Buckets Age x Rate | M98: Age x Rate Bucket: 𝚫CPR
D99: Rate | E99: =E4 -> 5 | F99: =F4 -> 6 | G99: =G4 -> 7 | H99: =H4 -> 8 | I99: =I4 -> 9 | J99: =J4 -> 10 | K99: =K4 -> 12 | M99: =E99 -> 5 | N99: =F99 -> 6 | O99: =G99 -> 7 | P99: =H99 -> 8 | Q99: =I99 -> 9 | R99: =J99 -> 10 | S99: =K99 -> 12
D100: =D18/1000 -> 5.25 | E100: =E18 -> 1.9349 | F100: =F18 -> 4.6028 | G100: =G18 -> 9.9217 | H100: =H18 -> 1.9174 | I100: =I18 -> 4.0283 | J100: =J18 -> 2.0338 | K100: =K18 -> 11.5862 | M100: =E50 -> -1.9349 | N100: =F50 -> -4.6028 | O100: =G50 -> -9.9217 | P100: =H50 -> -1.9174 | Q100: =I50 -> -4.0283 | R100: =J50 -> -2.0338 | S100: =K50 -> -11.5862
D101: =D19/1000 -> 5.5 | E101: =E19 -> 1.746 | F101: =F19 -> 3.2422 | G101: =G19 -> 8.3419 | H101: =H19 -> 5.3955 | I101: =I19 -> 2.0582 | J101: =J19 -> 6.7882 | K101: =K19 -> 13.6604 | M101: =E51 -> -1.746 | N101: =F51 -> -3.2422 | O101: =G51 -> -8.3419 | P101: =H51 -> -5.3955 | Q101: =I51 -> -2.0582 | R101: =J51 -> -6.7882 | S101: =K51 -> -13.6604
D102: =D20/1000 -> 5.75 | E102: =E20 -> 2.099 | F102: =F20 -> 3.0846 | G102: =G20 -> 25.1011 | H102: =H20 -> 20.2632 | I102: =I20 -> 18.5588 | J102: =J20 -> 18.4798 | K102: =K20 -> 16.3942 | M102: =E52 -> -2.099 | N102: =F52 -> -3.0846 | O102: =G52 -> -25.1011 | P102: =H52 -> -20.2632 | Q102: =I52 -> -18.5588 | R102: =J52 -> -18.4798 | S102: =K52 -> -16.3942
D103: =D21/1000 -> 6 | E103: =E21 -> 2.627 | F103: =F21 -> 4.7356 | G103: =G21 -> 53.0533 | H103: =H21 -> 26.4537 | I103: =I21 -> 21.415 | J103: =J21 -> 22.6942 | K103: =K21 -> 20.4821 | M103: =E53 -> -2.627 | N103: =F53 -> -4.7356 | O103: =G53 -> -53.0533 | P103: =H53 -> -26.4537 | Q103: =I53 -> -21.415 | R103: =J53 -> -22.6942 | S103: =K53 -> -20.4821
D104: =D22/1000 -> 6.25 | E104: =E22 -> 2.7195 | F104: =F22 -> 4.0378 | G104: =G22 -> 78.0036 | H104: =H22 -> 43.0505 | I104: =I22 -> 31.7708 | J104: =J22 -> 31.5094 | K104: =K22 -> 32.1117 | M104: =E54 -> -2.7195 | N104: =F54 -> -4.0378 | O104: =G54 -> -78.0036 | P104: =H54 -> -43.0505 | Q104: =I54 -> -31.7708 | R104: =J54 -> -31.5094 | S104: =K54 -> -32.1117
D105: =D23/1000 -> 6.5 | E105: =E23 -> 2.6664 | F105: =F23 -> 3.7815 | G105: =G23 -> 91.5526 | H105: =H23 -> 52.5454 | I105: =I23 -> 41.2387 | J105: =J23 -> 43.6687 | K105: =K23 -> 43.3394 | M105: =E55 -> -2.6664 | N105: =F55 -> -3.7815 | O105: =G55 -> -91.5526 | P105: =H55 -> -52.5454 | Q105: =I55 -> -41.2387 | R105: =J55 -> -43.6687 | S105: =K55 -> -43.3394
D106: =D24/1000 -> 6.75 | E106: =E24 -> 2.7553 | F106: =F24 -> 5.9323 | G106: =G24 -> 96.6093 | H106: =H24 -> 71.4359 | I106: =I24 -> 53.2418 | J106: =J24 -> 54.1834 | K106: =K24 -> 47.0187 | M106: =E56 -> -2.7553 | N106: =F56 -> -5.9323 | O106: =G56 -> -96.6093 | P106: =H56 -> -71.4359 | Q106: =I56 -> -53.2418 | R106: =J56 -> -54.1834 | S106: =K56 -> -47.0187
D107: =D25/1000 -> 7 | E107: =E25 -> 3.9432 | F107: =F25 -> 3.903 | G107: =G25 -> 99.4587 | H107: =H25 -> 78.2042 | I107: =I25 -> 65.1698 | J107: =J25 -> 58.9409 | K107: =K25 -> 59.0507 | M107: =E57 -> -3.9432 | N107: =F57 -> -3.903 | O107: =G57 -> -99.4587 | P107: =H57 -> -78.2042 | Q107: =I57 -> -65.1698 | R107: =J57 -> -58.9409 | S107: =K57 -> -59.0507

Sheet Grid Data
V1: Acutal Jun
J2: Actual Jul | V2: Actual May
A3: Actual | J3: CPR | K3: CDR | M3: Actual | V3: CPR | W3: CDR
A4: F | B4: 7000 | C4: 360 | D4: 4403 | E4: 0 | F4: 4735279275 | G4: 1.5225417e+08 | H4: 4.5421613e+09 | I4: 4.5795461e+09 | J4: 0.098779 | K4: 0.008781 | M4: F | N4: 7000 | O4: 360 | P4: 4451 | Q4: 0 | R4: 4928409254 | S4: 1.5338613e+08 | T4: 4.7409293e+09 | U4: 4.7721572e+09 | V4: 0.079927 | W4: 0.006956
A5: F | B5: 7500 | C5: 360 | D5: 3848 | E5: 0 | F5: 3725324373 | G5: 1.2980608e+08 | H5: 3.5692214e+09 | I5: 3.5916358e+09 | J5: 0.081495 | K5: 0.012435 | M5: F | N5: 7500 | O5: 360 | P5: 3854 | Q5: 0 | R5: 3778205483 | S5: 1.2865033e+08 | T5: 3.6177704e+09 | U5: 3.6489575e+09 | V5: 0.096409 | W5: 0.001897
A6: F | B6: 8000 | C6: 360 | D6: 1613 | E6: 0 | F6: 1320359132 | G6: 52409079 | H6: 1.2560295e+09 | I6: 1.2650432e+09 | J6: 0.103118 | K6: 0.026102 | M6: F | N6: 8000 | O6: 360 | P6: 1533 | Q6: 0 | R6: 1180470211 | S6: 49328191 | T6: 1.1208384e+09 | U6: 1.131142e+09 | V6: 0.099856 | W6: 0
A7: V | B7: 8500 | C7: 360 | D7: 147 | E7: 0 | F7: 58367719 | G7: 5240769.1 | H7: 52605829 | I7: 53126950 | J7: 0.102031 | K7: 0 | M7: V | N7: 8500 | O7: 360 | P7: 148 | Q7: 0 | R7: 64380457 | S7: 5505446.2 | T7: 58392718 | U7: 58875011 | V7: 0.086283 | W7: 0
A8: F | B8: 8500 | C8: 360 | D8: 689 | E8: 0 | F8: 341576539 | G8: 21602119 | H8: 3.1575443e+08 | I8: 3.1997442e+08 | J8: 0.138583 | K8: 0 | M8: F | N8: 8500 | O8: 360 | P8: 699 | Q8: 0 | R8: 325514109 | S8: 22313483 | T8: 2.988889e+08 | U8: 3.0320063e+08 | V8: 0.147867 | W8: 0
A9: F | B9: 6500 | C9: 360 | D9: 1962 | E9: 0 | F9: 2309604819 | G9: 68392388 | H9: 2.2205244e+09 | I9: 2.2367178e+09 | J9: 0.102348 | K9: 0.023104 | M9: F | N9: 6500 | O9: 360 | P9: 1912 | Q9: 0 | R9: 2298452921 | S9: 66547950 | T9: 2.212779e+09 | U9: 2.2295133e+09 | V9: 0.095409 | W9: 0.012415
A10: V | B10: 4000 | C10: 192 | D10: 10057 | E10: 0 | F10: 113448833605 | G10: 4.4140203e+08 | H10: 1.1226372e+11 | I10: 1.1292724e+11 | J10: 0.075891 | K10: 0.00845 | M10: V | N10: 4000 | O10: 192 | P10: 8383 | Q10: 0 | R10: 95273082360 | S10: 3.7007299e+08 | T10: 9.4325851e+10 | U10: 9.4882199e+10 | V10: 0.070321 | W10: 0.002618
A11: F | B11: 4000 | C11: 192 | D11: 32126 | E11: 0 | F11: 307436380290 | G11: 1.193274e+09 | H11: 3.0493453e+11 | I11: 3.0615069e+11 | J11: 0.049898 | K11: 0.003601 | M11: F | N11: 4000 | O11: 192 | P11: 26527 | Q11: 0 | R11: 255424644093 | S11: 9.900239e+08 | T11: 2.5330422e+11 | U11: 2.5430451e+11 | V11: 0.051833 | W11: 0.006096
A12: F | B12: 4500 | C12: 192 | D12: 58860 | E12: 0 | F12: 528034859120 | G12: 2.0964816e+09 | H12: 5.2324514e+11 | I12: 5.2566911e+11 | J12: 0.059518 | K12: 0.006102 | M12: F | N12: 4500 | O12: 192 | P12: 58045 | Q12: 0 | R12: 524631394119 | S12: 2.0712458e+09 | T12: 5.2014329e+11 | U12: 5.2224235e+11 | V12: 0.053902 | W12: 0.007245
A13: F | B13: 6250 | C13: 360 | D13: 171 | E13: 0 | F13: 170771874 | G13: 5411171.2 | H13: 1.6320555e+08 | I13: 1.653607e+08 | J13: 0.141359 | K13: 0 | M13: F | N13: 6250 | O13: 320 | P13: 10384 | Q13: 0 | R13: 39943210221 | S13: 3.1926468e+08 | T13: 3.9383786e+10 | U13: 3.9583268e+10 | V13: 0.069811 | W13: 0.012152
A14: F | B14: 8000 | C14: 320 | D14: 1601 | E14: 0 | F14: 3274690994 | G14: 49375448 | H14: 3.2147281e+09 | I14: 3.2253155e+09 | J14: 0.038115 | K14: 0 | M14: F | N14: 7500 | O14: 320 | P14: 4539 | Q14: 0 | R14: 11192201859 | S14: 1.3846344e+08 | T14: 1.0989441e+10 | U14: 1.1050561e+10 | V14: 0.066801 | W14: 0.003402
A15: F | B15: 8500 | C15: 320 | D15: 1207 | E15: 0 | F15: 2087918855 | G15: 35730793 | H15: 2.040177e+09 | I15: 2.0521881e+09 | J15: 0.066889 | K15: 0 | M15: F | N15: 8000 | O15: 320 | P15: 1765 | Q15: 0 | R15: 3571859450 | S15: 54317895 | T15: 3.5055154e+09 | U15: 3.5142832e+09 | V15: 0.039663 | W15: 0.010892
... A2227: N | B2227: 4750 | C2227: 36 | D2227: 1 | E2227: 0 | F2227: 8800000 | G2227: 13269.56 | H2227: 8786730.4 | I2227: 8786730.4 | J2227: 0 | K2227: 0 | M2227: V | N2227: 8250 | O2227: 5 | P2227: 10 | Q2227: 0 | R2227: 347700000 | S2227: 224299.69 | T2227: 3.474757e+08 | U2227: 3.474757e+08 | V2227: 0 | W2227: 0
M2228: V | N2228: 2500 | O2228: 5 | P2228: 5 | Q2228: 0 | R2228: 267400000 | S2228: 534927.37 | T2228: 2.6686507e+08 | U2228: 2.6686507e+08 | V2228: 0 | W2228: 0
M2229: V | N2229: 2500 | O2229: 6 | P2229: 1 | Q2229: 0 | R2229: 46600000 | S2229: 89140.97 | T2229: 46510859 | U2229: 46510859 | V2229: 0 | W2229: 0
M2230: F | N2230: 3000 | O2230: 5 | P2230: 18 | Q2230: 0 | R2230: 589000000 | S2230: 1018713.3 | T2230: 5.8798129e+08 | U2230: 5.8798129e+08 | V2230: 0 | W2230: 0
M2231: V | N2231: 2750 | O2231: 5 | P2231: 5 | Q2231: 0 | R2231: 205300000 | S2231: 371878.88 | T2231: 2.0492812e+08 | U2231: 2.0492812e+08 | V2231: 0 | W2231: 0
M2232: F | N2232: 3000 | O2232: 6 | P2232: 1 | Q2232: 0 | R2232: 8800000 | S2232: 15489.58 | T2232: 8784510.4 | U2232: 8784510.4 | V2232: 0 | W2232: 0
M2233: N | N2233: 4750 | O2233: 5 | P2233: 9 | Q2233: 0 | R2233: 338600000 | S2233: 429333.29 | T2233: 3.3817067e+08 | U2233: 3.3817067e+08 | V2233: 0 | W2233: 0
M2234: F | N2234: 2750 | O2234: 14 | P2234: 1 | Q2234: 0 | R2234: 27300000 | S2234: 51581.42 | T2234: 27248419 | U2234: 27248419 | V2234: 0 | W2234: 0
