Workbook

Sheet Jun Act vs May Act
D1: program | E1: min Cnt | G1: Report
D2: f | E2: 100 | G2: CPR
D4: Actual | E4: 5 | F4: 6 | G4: 7 | H4: 8 | I4: 9 | J4: 10 | K4: 12 | L4: 14 | M4: 16 | N4: 18 | O4: 20 | P4: 24 | Q4: 30 | R4: 36 | S4: 42 | T4: 48 | U4: 54 | V4: 60 | W4: 72 | X4: 84 | Y4: 96 | Z4: 108 | AA4: 120 | AB4: 144 | AC4: 168 | AD4: 192 | AE4: 216 | AF4: 240 | AG4: 320 | AH4: 360
D5: 2000 | E5: =IF( E68>$E$2, SUMIFS(IF($G$2="CPR",'Grid Data'!$V$4:$V$2342,'Grid Data'!$W$4:$W$2342),'Grid Data'!$N$4:$N$2342,$D5,'Grid Data'!$O$4:$O$2342,E$4,'Grid Data'!$M$4:$M$2342,$D$2)*100, 0) -> 0 | F5: =IF( F68>$E$2, SUMIFS(IF($G$2="CPR",'Grid Data'!$V$4:$V$2342,'Grid Data'!$W$4:$W$2342),'Grid Data'!$N$4:$N$2342,$D5,'Grid Data'!$O$4:$O$2342,F$4,'Grid Data'!$M$4:$M$2342,$D$2)*100, 0) -> 0 | G5: =IF( G68>$E$2, SUMIFS(IF($G$2="CPR",'Grid Data'!$V$4:$V$2342,'Grid Data'!$W$4:$W$2342),'Grid Data'!$N$4:$N$2342,$D5,'Grid Data'!$O$4:$O$2342,G$4,'Grid Data'!$M$4:$M$2342,$D$2)*100, 0) -> 0 | H5: =IF( H68>$E$2, SUMIFS(IF($G$2="CPR",'Grid Data'!$V$4:$V$2342,'Grid Data'!$W$4:$W$2342),'Grid Data'!$N$4:$N$2342,$D5,'Grid Data'!$O$4:$O$2342,H$4,'Grid Data'!$M$4:$M$2342,$D$2)*100, 0) -> 0 | I5: =IF( I68>$E$2, SUMIFS(IF($G$2="CPR",'Grid Data'!$V$4:$V$2342,'Grid Data'!$W$4:$W$2342),'Grid Data'!$N$4:$N$2342,$D5,'Grid Data'!$O$4:$O$2342,I$4,'Grid Data'!$M$4:$M$2342,$D$2)*100, 0) -> 0 | J5: =IF( J68>$E$2, SUMIFS(IF($G$2="CPR",'Grid Data'!$V$4:$V$2342,'Grid Data'!$W$4:$W$2342),'Grid Data'!$N$4:$N$2342,$D5,'Grid Data'!$O$4:$O$2342,J$4,'Grid Data'!$M$4:$M$2342,$D$2)*100, 0) -> 0 | K5: =IF( K68>$E$2, SUMIFS(IF($G$2="CPR",'Grid Data'!$V$4:$V$2342,'Grid Data'!$W$4:$W$2342),'Grid Data'!$N$4:$N$2342,$D5,'Grid Data'!$O$4:$O$2342,K$4,'Grid Data'!$M$4:$M$2342,$D$2)*100, 0) -> 0 | L5: =IF( L68>$E$2, SUMIFS(IF($G$2="CPR",'Grid Data'!$V$4:$V$2342,'Grid Data'!$W$4:$W$2342),'Grid Data'!$N$4:$N$2342,$D5,'Grid Data'!$O$4:$O$2342,L$4,'Grid Data'!$M$4:$M$2342,$D$2)*100, 0) -> 0 | ... AH5: =IF( AH68>$E$2, SUMIFS(IF($G$2="CPR",'Grid Data'!$V$4:$V$2342,'Grid Data'!$W$4:$W$2342),'Grid Data'!$N$4:$N$2342,$D5,'Grid Data'!$O$4:$O$2342,AH$4,'Grid Data'!$M$4:$M$2342,$D$2)*100, 0) -> 0
D6: 2250 | E6: =IF( E69>$E$2, SUMIFS(IF($G$2="CPR",'Grid Data'!$V$4:$V$2342,'Grid Data'!$W$4:$W$2342),'Grid Data'!$N$4:$N$2342,$D6,'Grid Data'!$O$4:$O$2342,E$4,'Grid Data'!$M$4:$M$2342,$D$2)*100, 0) -> 0 | F6: =IF( F69>$E$2, SUMIFS(IF($G$2="CPR",'Grid Data'!$V$4:$V$2342,'Grid Data'!$W$4:$W$2342),'Grid Data'!$N$4:$N$2342,$D6,'Grid Data'!$O$4:$O$2342,F$4,'Grid Data'!$M$4:$M$2342,$D$2)*100, 0) -> 0 | G6: =IF( G69>$E$2, SUMIFS(IF($G$2="CPR",'Grid Data'!$V$4:$V$2342,'Grid Data'!$W$4:$W$2342),'Grid Data'!$N$4:$N$2342,$D6,'Grid Data'!$O$4:$O$2342,G$4,'Grid Data'!$M$4:$M$2342,$D$2)*100, 0) -> 0 | H6: =IF( H69>$E$2, SUMIFS(IF($G$2="CPR",'Grid Data'!$V$4:$V$2342,'Grid Data'!$W$4:$W$2342),'Grid Data'!$N$4:$N$2342,$D6,'Grid Data'!$O$4:$O$2342,H$4,'Grid Data'!$M$4:$M$2342,$D$2)*100, 0) -> 0 | I6: =IF( I69>$E$2, SUMIFS(IF($G$2="CPR",'Grid Data'!$V$4:$V$2342,'Grid Data'!$W$4:$W$2342),'Grid Data'!$N$4:$N$2342,$D6,'Grid Data'!$O$4:$O$2342,I$4,'Grid Data'!$M$4:$M$2342,$D$2)*100, 0) -> 0 | J6: =IF( J69>$E$2, SUMIFS(IF($G$2="CPR",'Grid Data'!$V$4:$V$2342,'Grid Data'!$W$4:$W$2342),'Grid Data'!$N$4:$N$2342,$D6,'Grid Data'!$O$4:$O$2342,J$4,'Grid Data'!$M$4:$M$2342,$D$2)*100, 0) -> 0 | K6: =IF( K69>$E$2, SUMIFS(IF($G$2="CPR",'Grid Data'!$V$4:$V$2342,'Grid Data'!$W$4:$W$2342),'Grid Data'!$N$4:$N$2342,$D6,'Grid Data'!$O$4:$O$2342,K$4,'Grid Data'!$M$4:$M$2342,$D$2)*100, 0) -> 0 | L6: =IF( L69>$E$2, SUMIFS(IF($G$2="CPR",'Grid Data'!$V$4:$V$2342,'Grid Data'!$W$4:$W$2342),'Grid Data'!$N$4:$N$2342,$D6,'Grid Data'!$O$4:$O$2342,L$4,'Grid Data'!$M$4:$M$2342,$D$2)*100, 0) -> 0 | ... AH6: =IF( AH69>$E$2, SUMIFS(IF($G$2="CPR",'Grid Data'!$V$4:$V$2342,'Grid Data'!$W$4:$W$2342),'Grid Data'!$N$4:$N$2342,$D6,'Grid Data'!$O$4:$O$2342,AH$4,'Grid Data'!$M$4:$M$2342,$D$2)*100, 0) -> 0
D7: 2500 | E7: =IF( E70>$E$2, SUMIFS(IF($G$2="CPR",'Grid Data'!$V$4:$V$2342,'Grid Data'!$W$4:$W$2342),'Grid Data'!$N$4:$N$2342,$D7,'Grid Data'!$O$4:$O$2342,E$4,'Grid Data'!$M$4:$M$2342,$D$2)*100, 0) -> 0 | F7: =IF( F70>$E$2, SUMIFS(IF($G$2="CPR",'Grid Data'!$V$4:$V$2342,'Grid Data'!$W$4:$W$2342),'Grid Data'!$N$4:$N$2342,$D7,'Grid Data'!$O$4:$O$2342,F$4,'Grid Data'!$M$4:$M$2342,$D$2)*100, 0) -> 0 | G7: =IF( G70>$E$2, SUMIFS(IF($G$2="CPR",'Grid Data'!$V$4:$V$2342,'Grid Data'!$W$4:$W$2342),'Grid Data'!$N$4:$N$2342,$D7,'Grid Data'!$O$4:$O$2342,G$4,'Grid Data'!$M$4:$M$2342,$D$2)*100, 0) -> 0 | H7: =IF( H70>$E$2, SUMIFS(IF($G$2="CPR",'Grid Data'!$V$4:$V$2342,'Grid Data'!$W$4:$W$2342),'Grid Data'!$N$4:$N$2342,$D7,'Grid Data'!$O$4:$O$2342,H$4,'Grid Data'!$M$4:$M$2342,$D$2)*100, 0) -> 0 | I7: =IF( I70>$E$2, SUMIFS(IF($G$2="CPR",'Grid Data'!$V$4:$V$2342,'Grid Data'!$W$4:$W$2342),'Grid Data'!$N$4:$N$2342,$D7,'Grid Data'!$O$4:$O$2342,I$4,'Grid Data'!$M$4:$M$2342,$D$2)*100, 0) -> 0 | J7: =IF( J70>$E$2, SUMIFS(IF($G$2="CPR",'Grid Data'!$V$4:$V$2342,'Grid Data'!$W$4:$W$2342),'Grid Data'!$N$4:$N$2342,$D7,'Grid Data'!$O$4:$O$2342,J$4,'Grid Data'!$M$4:$M$2342,$D$2)*100, 0) -> 0 | K7: =IF( K70>$E$2, SUMIFS(IF($G$2="CPR",'Grid Data'!$V$4:$V$2342,'Grid Data'!$W$4:$W$2342),'Grid Data'!$N$4:$N$2342,$D7,'Grid Data'!$O$4:$O$2342,K$4,'Grid Data'!$M$4:$M$2342,$D$2)*100, 0) -> 0 | L7: =IF( L70>$E$2, SUMIFS(IF($G$2="CPR",'Grid Data'!$V$4:$V$2342,'Grid Data'!$W$4:$W$2342),'Grid Data'!$N$4:$N$2342,$D7,'Grid Data'!$O$4:$O$2342,L$4,'Grid Data'!$M$4:$M$2342,$D$2)*100, 0) -> 0 | ... AH7: =IF( AH70>$E$2, SUMIFS(IF($G$2="CPR",'Grid Data'!$V$4:$V$2342,'Grid Data'!$W$4:$W$2342),'Grid Data'!$N$4:$N$2342,$D7,'Grid Data'!$O$4:$O$2342,AH$4,'Grid Data'!$M$4:$M$2342,$D$2)*100, 0) -> 0
D8: 2750 | E8: =IF( E71>$E$2, SUMIFS(IF($G$2="CPR",'Grid Data'!$V$4:$V$2342,'Grid Data'!$W$4:$W$2342),'Grid Data'!$N$4:$N$2342,$D8,'Grid Data'!$O$4:$O$2342,E$4,'Grid Data'!$M$4:$M$2342,$D$2)*100, 0) -> 0 | F8: =IF( F71>$E$2, SUMIFS(IF($G$2="CPR",'Grid Data'!$V$4:$V$2342,'Grid Data'!$W$4:$W$2342),'Grid Data'!$N$4:$N$2342,$D8,'Grid Data'!$O$4:$O$2342,F$4,'Grid Data'!$M$4:$M$2342,$D$2)*100, 0) -> 0 | G8: =IF( G71>$E$2, SUMIFS(IF($G$2="CPR",'Grid Data'!$V$4:$V$2342,'Grid Data'!$W$4:$W$2342),'Grid Data'!$N$4:$N$2342,$D8,'Grid Data'!$O$4:$O$2342,G$4,'Grid Data'!$M$4:$M$2342,$D$2)*100, 0) -> 0 | H8: =IF( H71>$E$2, SUMIFS(IF($G$2="CPR",'Grid Data'!$V$4:$V$2342,'Grid Data'!$W$4:$W$2342),'Grid Data'!$N$4:$N$2342,$D8,'Grid Data'!$O$4:$O$2342,H$4,'Grid Data'!$M$4:$M$2342,$D$2)*100, 0) -> 0 | I8: =IF( I71>$E$2, SUMIFS(IF($G$2="CPR",'Grid Data'!$V$4:$V$2342,'Grid Data'!$W$4:$W$2342),'Grid Data'!$N$4:$N$2342,$D8,'Grid Data'!$O$4:$O$2342,I$4,'Grid Data'!$M$4:$M$2342,$D$2)*100, 0) -> 0 | J8: =IF( J71>$E$2, SUMIFS(IF($G$2="CPR",'Grid Data'!$V$4:$V$2342,'Grid Data'!$W$4:$W$2342),'Grid Data'!$N$4:$N$2342,$D8,'Grid Data'!$O$4:$O$2342,J$4,'Grid Data'!$M$4:$M$2342,$D$2)*100, 0) -> 0 | K8: =IF( K71>$E$2, SUMIFS(IF($G$2="CPR",'Grid Data'!$V$4:$V$2342,'Grid Data'!$W$4:$W$2342),'Grid Data'!$N$4:$N$2342,$D8,'Grid Data'!$O$4:$O$2342,K$4,'Grid Data'!$M$4:$M$2342,$D$2)*100, 0) -> 0 | L8: =IF( L71>$E$2, SUMIFS(IF($G$2="CPR",'Grid Data'!$V$4:$V$2342,'Grid Data'!$W$4:$W$2342),'Grid Data'!$N$4:$N$2342,$D8,'Grid Data'!$O$4:$O$2342,L$4,'Grid Data'!$M$4:$M$2342,$D$2)*100, 0) -> 0 | ... AH8: =IF( AH71>$E$2, SUMIFS(IF($G$2="CPR",'Grid Data'!$V$4:$V$2342,'Grid Data'!$W$4:$W$2342),'Grid Data'!$N$4:$N$2342,$D8,'Grid Data'!$O$4:$O$2342,AH$4,'Grid Data'!$M$4:$M$2342,$D$2)*100, 0) -> 0
D9: 3000 | E9: =IF( E72>$E$2, SUMIFS(IF($G$2="CPR",'Grid Data'!$V$4:$V$2342,'Grid Data'!$W$4:$W$2342),'Grid Data'!$N$4:$N$2342,$D9,'Grid Data'!$O$4:$O$2342,E$4,'Grid Data'!$M$4:$M$2342,$D$2)*100, 0) -> 0 | F9: =IF( F72>$E$2, SUMIFS(IF($G$2="CPR",'Grid Data'!$V$4:$V$2342,'Grid Data'!$W$4:$W$2342),'Grid Data'!$N$4:$N$2342,$D9,'Grid Data'!$O$4:$O$2342,F$4,'Grid Data'!$M$4:$M$2342,$D$2)*100, 0) -> 0 | G9: =IF( G72>$E$2, SUMIFS(IF($G$2="CPR",'Grid Data'!$V$4:$V$2342,'Grid Data'!$W$4:$W$2342),'Grid Data'!$N$4:$N$2342,$D9,'Grid Data'!$O$4:$O$2342,G$4,'Grid Data'!$M$4:$M$2342,$D$2)*100, 0) -> 0 | H9: =IF( H72>$E$2, SUMIFS(IF($G$2="CPR",'Grid Data'!$V$4:$V$2342,'Grid Data'!$W$4:$W$2342),'Grid Data'!$N$4:$N$2342,$D9,'Grid Data'!$O$4:$O$2342,H$4,'Grid Data'!$M$4:$M$2342,$D$2)*100, 0) -> 0 | I9: =IF( I72>$E$2, SUMIFS(IF($G$2="CPR",'Grid Data'!$V$4:$V$2342,'Grid Data'!$W$4:$W$2342),'Grid Data'!$N$4:$N$2342,$D9,'Grid Data'!$O$4:$O$2342,I$4,'Grid Data'!$M$4:$M$2342,$D$2)*100, 0) -> 0 | J9: =IF( J72>$E$2, SUMIFS(IF($G$2="CPR",'Grid Data'!$V$4:$V$2342,'Grid Data'!$W$4:$W$2342),'Grid Data'!$N$4:$N$2342,$D9,'Grid Data'!$O$4:$O$2342,J$4,'Grid Data'!$M$4:$M$2342,$D$2)*100, 0) -> 0 | K9: =IF( K72>$E$2, SUMIFS(IF($G$2="CPR",'Grid Data'!$V$4:$V$2342,'Grid Data'!$W$4:$W$2342),'Grid Data'!$N$4:$N$2342,$D9,'Grid Data'!$O$4:$O$2342,K$4,'Grid Data'!$M$4:$M$2342,$D$2)*100, 0) -> 0 | L9: =IF( L72>$E$2, SUMIFS(IF($G$2="CPR",'Grid Data'!$V$4:$V$2342,'Grid Data'!$W$4:$W$2342),'Grid Data'!$N$4:$N$2342,$D9,'Grid Data'!$O$4:$O$2342,L$4,'Grid Data'!$M$4:$M$2342,$D$2)*100, 0) -> 0 | ... AH9: =IF( AH72>$E$2, SUMIFS(IF($G$2="CPR",'Grid Data'!$V$4:$V$2342,'Grid Data'!$W$4:$W$2342),'Grid Data'!$N$4:$N$2342,$D9,'Grid Data'!$O$4:$O$2342,AH$4,'Grid Data'!$M$4:$M$2342,$D$2)*100, 0) -> 0
D10: 3250 | E10: =IF( E73>$E$2, SUMIFS(IF($G$2="CPR",'Grid Data'!$V$4:$V$2342,'Grid Data'!$W$4:$W$2342),'Grid Data'!$N$4:$N$2342,$D10,'Grid Data'!$O$4:$O$2342,E$4,'Grid Data'!$M$4:$M$2342,$D$2)*100, 0) -> 0 | F10: =IF( F73>$E$2, SUMIFS(IF($G$2="CPR",'Grid Data'!$V$4:$V$2342,'Grid Data'!$W$4:$W$2342),'Grid Data'!$N$4:$N$2342,$D10,'Grid Data'!$O$4:$O$2342,F$4,'Grid Data'!$M$4:$M$2342,$D$2)*100, 0) -> 0 | G10: =IF( G73>$E$2, SUMIFS(IF($G$2="CPR",'Grid Data'!$V$4:$V$2342,'Grid Data'!$W$4:$W$2342),'Grid Data'!$N$4:$N$2342,$D10,'Grid Data'!$O$4:$O$2342,G$4,'Grid Data'!$M$4:$M$2342,$D$2)*100, 0) -> 0 | H10: =IF( H73>$E$2, SUMIFS(IF($G$2="CPR",'Grid Data'!$V$4:$V$2342,'Grid Data'!$W$4:$W$2342),'Grid Data'!$N$4:$N$2342,$D10,'Grid Data'!$O$4:$O$2342,H$4,'Grid Data'!$M$4:$M$2342,$D$2)*100, 0) -> 0 | I10: =IF( I73>$E$2, SUMIFS(IF($G$2="CPR",'Grid Data'!$V$4:$V$2342,'Grid Data'!$W$4:$W$2342),'Grid Data'!$N$4:$N$2342,$D10,'Grid Data'!$O$4:$O$2342,I$4,'Grid Data'!$M$4:$M$2342,$D$2)*100, 0) -> 0 | J10: =IF( J73>$E$2, SUMIFS(IF($G$2="CPR",'Grid Data'!$V$4:$V$2342,'Grid Data'!$W$4:$W$2342),'Grid Data'!$N$4:$N$2342,$D10,'Grid Data'!$O$4:$O$2342,J$4,'Grid Data'!$M$4:$M$2342,$D$2)*100, 0) -> 0 | K10: =IF( K73>$E$2, SUMIFS(IF($G$2="CPR",'Grid Data'!$V$4:$V$2342,'Grid Data'!$W$4:$W$2342),'Grid Data'!$N$4:$N$2342,$D10,'Grid Data'!$O$4:$O$2342,K$4,'Grid Data'!$M$4:$M$2342,$D$2)*100, 0) -> 0 | L10: =IF( L73>$E$2, SUMIFS(IF($G$2="CPR",'Grid Data'!$V$4:$V$2342,'Grid Data'!$W$4:$W$2342),'Grid Data'!$N$4:$N$2342,$D10,'Grid Data'!$O$4:$O$2342,L$4,'Grid Data'!$M$4:$M$2342,$D$2)*100, 0) -> 0 | ... AH10: =IF( AH73>$E$2, SUMIFS(IF($G$2="CPR",'Grid Data'!$V$4:$V$2342,'Grid Data'!$W$4:$W$2342),'Grid Data'!$N$4:$N$2342,$D10,'Grid Data'!$O$4:$O$2342,AH$4,'Grid Data'!$M$4:$M$2342,$D$2)*100, 0) -> 0
D11: 3500 | E11: =IF( E74>$E$2, SUMIFS(IF($G$2="CPR",'Grid Data'!$V$4:$V$2342,'Grid Data'!$W$4:$W$2342),'Grid Data'!$N$4:$N$2342,$D11,'Grid Data'!$O$4:$O$2342,E$4,'Grid Data'!$M$4:$M$2342,$D$2)*100, 0) -> 0 | F11: =IF( F74>$E$2, SUMIFS(IF($G$2="CPR",'Grid Data'!$V$4:$V$2342,'Grid Data'!$W$4:$W$2342),'Grid Data'!$N$4:$N$2342,$D11,'Grid Data'!$O$4:$O$2342,F$4,'Grid Data'!$M$4:$M$2342,$D$2)*100, 0) -> 0 | G11: =IF( G74>$E$2, SUMIFS(IF($G$2="CPR",'Grid Data'!$V$4:$V$2342,'Grid Data'!$W$4:$W$2342),'Grid Data'!$N$4:$N$2342,$D11,'Grid Data'!$O$4:$O$2342,G$4,'Grid Data'!$M$4:$M$2342,$D$2)*100, 0) -> 0 | H11: =IF( H74>$E$2, SUMIFS(IF($G$2="CPR",'Grid Data'!$V$4:$V$2342,'Grid Data'!$W$4:$W$2342),'Grid Data'!$N$4:$N$2342,$D11,'Grid Data'!$O$4:$O$2342,H$4,'Grid Data'!$M$4:$M$2342,$D$2)*100, 0) -> 0 | I11: =IF( I74>$E$2, SUMIFS(IF($G$2="CPR",'Grid Data'!$V$4:$V$2342,'Grid Data'!$W$4:$W$2342),'Grid Data'!$N$4:$N$2342,$D11,'Grid Data'!$O$4:$O$2342,I$4,'Grid Data'!$M$4:$M$2342,$D$2)*100, 0) -> 0 | J11: =IF( J74>$E$2, SUMIFS(IF($G$2="CPR",'Grid Data'!$V$4:$V$2342,'Grid Data'!$W$4:$W$2342),'Grid Data'!$N$4:$N$2342,$D11,'Grid Data'!$O$4:$O$2342,J$4,'Grid Data'!$M$4:$M$2342,$D$2)*100, 0) -> 0 | K11: =IF( K74>$E$2, SUMIFS(IF($G$2="CPR",'Grid Data'!$V$4:$V$2342,'Grid Data'!$W$4:$W$2342),'Grid Data'!$N$4:$N$2342,$D11,'Grid Data'!$O$4:$O$2342,K$4,'Grid Data'!$M$4:$M$2342,$D$2)*100, 0) -> 0 | L11: =IF( L74>$E$2, SUMIFS(IF($G$2="CPR",'Grid Data'!$V$4:$V$2342,'Grid Data'!$W$4:$W$2342),'Grid Data'!$N$4:$N$2342,$D11,'Grid Data'!$O$4:$O$2342,L$4,'Grid Data'!$M$4:$M$2342,$D$2)*100, 0) -> 0 | ... AH11: =IF( AH74>$E$2, SUMIFS(IF($G$2="CPR",'Grid Data'!$V$4:$V$2342,'Grid Data'!$W$4:$W$2342),'Grid Data'!$N$4:$N$2342,$D11,'Grid Data'!$O$4:$O$2342,AH$4,'Grid Data'!$M$4:$M$2342,$D$2)*100, 0) -> 0
D12: 3750 | E12: =IF( E75>$E$2, SUMIFS(IF($G$2="CPR",'Grid Data'!$V$4:$V$2342,'Grid Data'!$W$4:$W$2342),'Grid Data'!$N$4:$N$2342,$D12,'Grid Data'!$O$4:$O$2342,E$4,'Grid Data'!$M$4:$M$2342,$D$2)*100, 0) -> 0 | F12: =IF( F75>$E$2, SUMIFS(IF($G$2="CPR",'Grid Data'!$V$4:$V$2342,'Grid Data'!$W$4:$W$2342),'Grid Data'!$N$4:$N$2342,$D12,'Grid Data'!$O$4:$O$2342,F$4,'Grid Data'!$M$4:$M$2342,$D$2)*100, 0) -> 0 | G12: =IF( G75>$E$2, SUMIFS(IF($G$2="CPR",'Grid Data'!$V$4:$V$2342,'Grid Data'!$W$4:$W$2342),'Grid Data'!$N$4:$N$2342,$D12,'Grid Data'!$O$4:$O$2342,G$4,'Grid Data'!$M$4:$M$2342,$D$2)*100, 0) -> 0 | H12: =IF( H75>$E$2, SUMIFS(IF($G$2="CPR",'Grid Data'!$V$4:$V$2342,'Grid Data'!$W$4:$W$2342),'Grid Data'!$N$4:$N$2342,$D12,'Grid Data'!$O$4:$O$2342,H$4,'Grid Data'!$M$4:$M$2342,$D$2)*100, 0) -> 0 | I12: =IF( I75>$E$2, SUMIFS(IF($G$2="CPR",'Grid Data'!$V$4:$V$2342,'Grid Data'!$W$4:$W$2342),'Grid Data'!$N$4:$N$2342,$D12,'Grid Data'!$O$4:$O$2342,I$4,'Grid Data'!$M$4:$M$2342,$D$2)*100, 0) -> 0 | J12: =IF( J75>$E$2, SUMIFS(IF($G$2="CPR",'Grid Data'!$V$4:$V$2342,'Grid Data'!$W$4:$W$2342),'Grid Data'!$N$4:$N$2342,$D12,'Grid Data'!$O$4:$O$2342,J$4,'Grid Data'!$M$4:$M$2342,$D$2)*100, 0) -> 0 | K12: =IF( K75>$E$2, SUMIFS(IF($G$2="CPR",'Grid Data'!$V$4:$V$2342,'Grid Data'!$W$4:$W$2342),'Grid Data'!$N$4:$N$2342,$D12,'Grid Data'!$O$4:$O$2342,K$4,'Grid Data'!$M$4:$M$2342,$D$2)*100, 0) -> 0 | L12: =IF( L75>$E$2, SUMIFS(IF($G$2="CPR",'Grid Data'!$V$4:$V$2342,'Grid Data'!$W$4:$W$2342),'Grid Data'!$N$4:$N$2342,$D12,'Grid Data'!$O$4:$O$2342,L$4,'Grid Data'!$M$4:$M$2342,$D$2)*100, 0) -> 0 | ... AH12: =IF( AH75>$E$2, SUMIFS(IF($G$2="CPR",'Grid Data'!$V$4:$V$2342,'Grid Data'!$W$4:$W$2342),'Grid Data'!$N$4:$N$2342,$D12,'Grid Data'!$O$4:$O$2342,AH$4,'Grid Data'!$M$4:$M$2342,$D$2)*100, 0) -> 0
D13: 4000 | E13: =IF( E76>$E$2, SUMIFS(IF($G$2="CPR",'Grid Data'!$V$4:$V$2342,'Grid Data'!$W$4:$W$2342),'Grid Data'!$N$4:$N$2342,$D13,'Grid Data'!$O$4:$O$2342,E$4,'Grid Data'!$M$4:$M$2342,$D$2)*100, 0) -> 0.1397 | F13: =IF( F76>$E$2, SUMIFS(IF($G$2="CPR",'Grid Data'!$V$4:$V$2342,'Grid Data'!$W$4:$W$2342),'Grid Data'!$N$4:$N$2342,$D13,'Grid Data'!$O$4:$O$2342,F$4,'Grid Data'!$M$4:$M$2342,$D$2)*100, 0) -> 0 | G13: =IF( G76>$E$2, SUMIFS(IF($G$2="CPR",'Grid Data'!$V$4:$V$2342,'Grid Data'!$W$4:$W$2342),'Grid Data'!$N$4:$N$2342,$D13,'Grid Data'!$O$4:$O$2342,G$4,'Grid Data'!$M$4:$M$2342,$D$2)*100, 0) -> 0 | H13: =IF( H76>$E$2, SUMIFS(IF($G$2="CPR",'Grid Data'!$V$4:$V$2342,'Grid Data'!$W$4:$W$2342),'Grid Data'!$N$4:$N$2342,$D13,'Grid Data'!$O$4:$O$2342,H$4,'Grid Data'!$M$4:$M$2342,$D$2)*100, 0) -> 0.5643 | I13: =IF( I76>$E$2, SUMIFS(IF($G$2="CPR",'Grid Data'!$V$4:$V$2342,'Grid Data'!$W$4:$W$2342),'Grid Data'!$N$4:$N$2342,$D13,'Grid Data'!$O$4:$O$2342,I$4,'Grid Data'!$M$4:$M$2342,$D$2)*100, 0) -> 1.2577 | J13: =IF( J76>$E$2, SUMIFS(IF($G$2="CPR",'Grid Data'!$V$4:$V$2342,'Grid Data'!$W$4:$W$2342),'Grid Data'!$N$4:$N$2342,$D13,'Grid Data'!$O$4:$O$2342,J$4,'Grid Data'!$M$4:$M$2342,$D$2)*100, 0) -> 0 | K13: =IF( K76>$E$2, SUMIFS(IF($G$2="CPR",'Grid Data'!$V$4:$V$2342,'Grid Data'!$W$4:$W$2342),'Grid Data'!$N$4:$N$2342,$D13,'Grid Data'!$O$4:$O$2342,K$4,'Grid Data'!$M$4:$M$2342,$D$2)*100, 0) -> 0 | L13: =IF( L76>$E$2, SUMIFS(IF($G$2="CPR",'Grid Data'!$V$4:$V$2342,'Grid Data'!$W$4:$W$2342),'Grid Data'!$N$4:$N$2342,$D13,'Grid Data'!$O$4:$O$2342,L$4,'Grid Data'!$M$4:$M$2342,$D$2)*100, 0) -> 0 | ... AH13: =IF( AH76>$E$2, SUMIFS(IF($G$2="CPR",'Grid Data'!$V$4:$V$2342,'Grid Data'!$W$4:$W$2342),'Grid Data'!$N$4:$N$2342,$D13,'Grid Data'!$O$4:$O$2342,AH$4,'Grid Data'!$M$4:$M$2342,$D$2)*100, 0) -> 0
D14: 4250 | E14: =IF( E77>$E$2, SUMIFS(IF($G$2="CPR",'Grid Data'!$V$4:$V$2342,'Grid Data'!$W$4:$W$2342),'Grid Data'!$N$4:$N$2342,$D14,'Grid Data'!$O$4:$O$2342,E$4,'Grid Data'!$M$4:$M$2342,$D$2)*100, 0) -> 0 | F14: =IF( F77>$E$2, SUMIFS(IF($G$2="CPR",'Grid Data'!$V$4:$V$2342,'Grid Data'!$W$4:$W$2342),'Grid Data'!$N$4:$N$2342,$D14,'Grid Data'!$O$4:$O$2342,F$4,'Grid Data'!$M$4:$M$2342,$D$2)*100, 0) -> 0 | G14: =IF( G77>$E$2, SUMIFS(IF($G$2="CPR",'Grid Data'!$V$4:$V$2342,'Grid Data'!$W$4:$W$2342),'Grid Data'!$N$4:$N$2342,$D14,'Grid Data'!$O$4:$O$2342,G$4,'Grid Data'!$M$4:$M$2342,$D$2)*100, 0) -> 0 | H14: =IF( H77>$E$2, SUMIFS(IF($G$2="CPR",'Grid Data'!$V$4:$V$2342,'Grid Data'!$W$4:$W$2342),'Grid Data'!$N$4:$N$2342,$D14,'Grid Data'!$O$4:$O$2342,H$4,'Grid Data'!$M$4:$M$2342,$D$2)*100, 0) -> 0 | I14: =IF( I77>$E$2, SUMIFS(IF($G$2="CPR",'Grid Data'!$V$4:$V$2342,'Grid Data'!$W$4:$W$2342),'Grid Data'!$N$4:$N$2342,$D14,'Grid Data'!$O$4:$O$2342,I$4,'Grid Data'!$M$4:$M$2342,$D$2)*100, 0) -> 0 | J14: =IF( J77>$E$2, SUMIFS(IF($G$2="CPR",'Grid Data'!$V$4:$V$2342,'Grid Data'!$W$4:$W$2342),'Grid Data'!$N$4:$N$2342,$D14,'Grid Data'!$O$4:$O$2342,J$4,'Grid Data'!$M$4:$M$2342,$D$2)*100, 0) -> 0 | K14: =IF( K77>$E$2, SUMIFS(IF($G$2="CPR",'Grid Data'!$V$4:$V$2342,'Grid Data'!$W$4:$W$2342),'Grid Data'!$N$4:$N$2342,$D14,'Grid Data'!$O$4:$O$2342,K$4,'Grid Data'!$M$4:$M$2342,$D$2)*100, 0) -> 0 | L14: =IF( L77>$E$2, SUMIFS(IF($G$2="CPR",'Grid Data'!$V$4:$V$2342,'Grid Data'!$W$4:$W$2342),'Grid Data'!$N$4:$N$2342,$D14,'Grid Data'!$O$4:$O$2342,L$4,'Grid Data'!$M$4:$M$2342,$D$2)*100, 0) -> 0 | ... AH14: =IF( AH77>$E$2, SUMIFS(IF($G$2="CPR",'Grid Data'!$V$4:$V$2342,'Grid Data'!$W$4:$W$2342),'Grid Data'!$N$4:$N$2342,$D14,'Grid Data'!$O$4:$O$2342,AH$4,'Grid Data'!$M$4:$M$2342,$D$2)*100, 0) -> 0
D15: 4500 | E15: =IF( E78>$E$2, SUMIFS(IF($G$2="CPR",'Grid Data'!$V$4:$V$2342,'Grid Data'!$W$4:$W$2342),'Grid Data'!$N$4:$N$2342,$D15,'Grid Data'!$O$4:$O$2342,E$4,'Grid Data'!$M$4:$M$2342,$D$2)*100, 0) -> 0 | F15: =IF( F78>$E$2, SUMIFS(IF($G$2="CPR",'Grid Data'!$V$4:$V$2342,'Grid Data'!$W$4:$W$2342),'Grid Data'!$N$4:$N$2342,$D15,'Grid Data'!$O$4:$O$2342,F$4,'Grid Data'!$M$4:$M$2342,$D$2)*100, 0) -> 2.4293 | G15: =IF( G78>$E$2, SUMIFS(IF($G$2="CPR",'Grid Data'!$V$4:$V$2342,'Grid Data'!$W$4:$W$2342),'Grid Data'!$N$4:$N$2342,$D15,'Grid Data'!$O$4:$O$2342,G$4,'Grid Data'!$M$4:$M$2342,$D$2)*100, 0) -> 0 | H15: =IF( H78>$E$2, SUMIFS(IF($G$2="CPR",'Grid Data'!$V$4:$V$2342,'Grid Data'!$W$4:$W$2342),'Grid Data'!$N$4:$N$2342,$D15,'Grid Data'!$O$4:$O$2342,H$4,'Grid Data'!$M$4:$M$2342,$D$2)*100, 0) -> 0 | I15: =IF( I78>$E$2, SUMIFS(IF($G$2="CPR",'Grid Data'!$V$4:$V$2342,'Grid Data'!$W$4:$W$2342),'Grid Data'!$N$4:$N$2342,$D15,'Grid Data'!$O$4:$O$2342,I$4,'Grid Data'!$M$4:$M$2342,$D$2)*100, 0) -> 0 | J15: =IF( J78>$E$2, SUMIFS(IF($G$2="CPR",'Grid Data'!$V$4:$V$2342,'Grid Data'!$W$4:$W$2342),'Grid Data'!$N$4:$N$2342,$D15,'Grid Data'!$O$4:$O$2342,J$4,'Grid Data'!$M$4:$M$2342,$D$2)*100, 0) -> 0 | K15: =IF( K78>$E$2, SUMIFS(IF($G$2="CPR",'Grid Data'!$V$4:$V$2342,'Grid Data'!$W$4:$W$2342),'Grid Data'!$N$4:$N$2342,$D15,'Grid Data'!$O$4:$O$2342,K$4,'Grid Data'!$M$4:$M$2342,$D$2)*100, 0) -> 2.3807 | L15: =IF( L78>$E$2, SUMIFS(IF($G$2="CPR",'Grid Data'!$V$4:$V$2342,'Grid Data'!$W$4:$W$2342),'Grid Data'!$N$4:$N$2342,$D15,'Grid Data'!$O$4:$O$2342,L$4,'Grid Data'!$M$4:$M$2342,$D$2)*100, 0) -> 1.299 | ... AH15: =IF( AH78>$E$2, SUMIFS(IF($G$2="CPR",'Grid Data'!$V$4:$V$2342,'Grid Data'!$W$4:$W$2342),'Grid Data'!$N$4:$N$2342,$D15,'Grid Data'!$O$4:$O$2342,AH$4,'Grid Data'!$M$4:$M$2342,$D$2)*100, 0) -> 0
D16: 4750 | E16: =IF( E79>$E$2, SUMIFS(IF($G$2="CPR",'Grid Data'!$V$4:$V$2342,'Grid Data'!$W$4:$W$2342),'Grid Data'!$N$4:$N$2342,$D16,'Grid Data'!$O$4:$O$2342,E$4,'Grid Data'!$M$4:$M$2342,$D$2)*100, 0) -> 0.3498 | F16: =IF( F79>$E$2, SUMIFS(IF($G$2="CPR",'Grid Data'!$V$4:$V$2342,'Grid Data'!$W$4:$W$2342),'Grid Data'!$N$4:$N$2342,$D16,'Grid Data'!$O$4:$O$2342,F$4,'Grid Data'!$M$4:$M$2342,$D$2)*100, 0) -> 1.718 | G16: =IF( G79>$E$2, SUMIFS(IF($G$2="CPR",'Grid Data'!$V$4:$V$2342,'Grid Data'!$W$4:$W$2342),'Grid Data'!$N$4:$N$2342,$D16,'Grid Data'!$O$4:$O$2342,G$4,'Grid Data'!$M$4:$M$2342,$D$2)*100, 0) -> 1.0669 | H16: =IF( H79>$E$2, SUMIFS(IF($G$2="CPR",'Grid Data'!$V$4:$V$2342,'Grid Data'!$W$4:$W$2342),'Grid Data'!$N$4:$N$2342,$D16,'Grid Data'!$O$4:$O$2342,H$4,'Grid Data'!$M$4:$M$2342,$D$2)*100, 0) -> 0 | I16: =IF( I79>$E$2, SUMIFS(IF($G$2="CPR",'Grid Data'!$V$4:$V$2342,'Grid Data'!$W$4:$W$2342),'Grid Data'!$N$4:$N$2342,$D16,'Grid Data'!$O$4:$O$2342,I$4,'Grid Data'!$M$4:$M$2342,$D$2)*100, 0) -> 0 | J16: =IF( J79>$E$2, SUMIFS(IF($G$2="CPR",'Grid Data'!$V$4:$V$2342,'Grid Data'!$W$4:$W$2342),'Grid Data'!$N$4:$N$2342,$D16,'Grid Data'!$O$4:$O$2342,J$4,'Grid Data'!$M$4:$M$2342,$D$2)*100, 0) -> 0.8078 | K16: =IF( K79>$E$2, SUMIFS(IF($G$2="CPR",'Grid Data'!$V$4:$V$2342,'Grid Data'!$W$4:$W$2342),'Grid Data'!$N$4:$N$2342,$D16,'Grid Data'!$O$4:$O$2342,K$4,'Grid Data'!$M$4:$M$2342,$D$2)*100, 0) -> 0 | L16: =IF( L79>$E$2, SUMIFS(IF($G$2="CPR",'Grid Data'!$V$4:$V$2342,'Grid Data'!$W$4:$W$2342),'Grid Data'!$N$4:$N$2342,$D16,'Grid Data'!$O$4:$O$2342,L$4,'Grid Data'!$M$4:$M$2342,$D$2)*100, 0) -> 1.9952 | ... AH16: =IF( AH79>$E$2, SUMIFS(IF($G$2="CPR",'Grid Data'!$V$4:$V$2342,'Grid Data'!$W$4:$W$2342),'Grid Data'!$N$4:$N$2342,$D16,'Grid Data'!$O$4:$O$2342,AH$4,'Grid Data'!$M$4:$M$2342,$D$2)*100, 0) -> 0
... D33: 20000 | E33: =IF( E96>$E$2, SUMIFS(IF($G$2="CPR",'Grid Data'!$V$4:$V$2342,'Grid Data'!$W$4:$W$2342),'Grid Data'!$N$4:$N$2342,$D33,'Grid Data'!$O$4:$O$2342,E$4,'Grid Data'!$M$4:$M$2342,$D$2)*100, 0) -> 0 | F33: =IF( F96>$E$2, SUMIFS(IF($G$2="CPR",'Grid Data'!$V$4:$V$2342,'Grid Data'!$W$4:$W$2342),'Grid Data'!$N$4:$N$2342,$D33,'Grid Data'!$O$4:$O$2342,F$4,'Grid Data'!$M$4:$M$2342,$D$2)*100, 0) -> 0 | G33: =IF( G96>$E$2, SUMIFS(IF($G$2="CPR",'Grid Data'!$V$4:$V$2342,'Grid Data'!$W$4:$W$2342),'Grid Data'!$N$4:$N$2342,$D33,'Grid Data'!$O$4:$O$2342,G$4,'Grid Data'!$M$4:$M$2342,$D$2)*100, 0) -> 0 | H33: =IF( H96>$E$2, SUMIFS(IF($G$2="CPR",'Grid Data'!$V$4:$V$2342,'Grid Data'!$W$4:$W$2342),'Grid Data'!$N$4:$N$2342,$D33,'Grid Data'!$O$4:$O$2342,H$4,'Grid Data'!$M$4:$M$2342,$D$2)*100, 0) -> 0 | I33: =IF( I96>$E$2, SUMIFS(IF($G$2="CPR",'Grid Data'!$V$4:$V$2342,'Grid Data'!$W$4:$W$2342),'Grid Data'!$N$4:$N$2342,$D33,'Grid Data'!$O$4:$O$2342,I$4,'Grid Data'!$M$4:$M$2342,$D$2)*100, 0) -> 0 | J33: =IF( J96>$E$2, SUMIFS(IF($G$2="CPR",'Grid Data'!$V$4:$V$2342,'Grid Data'!$W$4:$W$2342),'Grid Data'!$N$4:$N$2342,$D33,'Grid Data'!$O$4:$O$2342,J$4,'Grid Data'!$M$4:$M$2342,$D$2)*100, 0) -> 0 | K33: =IF( K96>$E$2, SUMIFS(IF($G$2="CPR",'Grid Data'!$V$4:$V$2342,'Grid Data'!$W$4:$W$2342),'Grid Data'!$N$4:$N$2342,$D33,'Grid Data'!$O$4:$O$2342,K$4,'Grid Data'!$M$4:$M$2342,$D$2)*100, 0) -> 0 | L33: =IF( L96>$E$2, SUMIFS(IF($G$2="CPR",'Grid Data'!$V$4:$V$2342,'Grid Data'!$W$4:$W$2342),'Grid Data'!$N$4:$N$2342,$D33,'Grid Data'!$O$4:$O$2342,L$4,'Grid Data'!$M$4:$M$2342,$D$2)*100, 0) -> 0 | ... AH33: =IF( AH96>$E$2, SUMIFS(IF($G$2="CPR",'Grid Data'!$V$4:$V$2342,'Grid Data'!$W$4:$W$2342),'Grid Data'!$N$4:$N$2342,$D33,'Grid Data'!$O$4:$O$2342,AH$4,'Grid Data'!$M$4:$M$2342,$D$2)*100, 0) -> 0
E35: Red Means Faster
D36: Change | E36: 5 | F36: 6 | G36: 7 | H36: 8 | I36: 9 | J36: 10 | K36: 12 | L36: 14 | M36: 16 | N36: 18 | O36: 20 | P36: 24 | Q36: 30 | R36: 36 | S36: 42 | T36: 48 | U36: 54 | V36: 60 | W36: 72 | X36: 84 | Y36: 96 | Z36: 108 | AA36: 120 | AB36: 144 | AC36: 168 | AD36: 192 | AE36: 216 | AF36: 240 | AG36: 320 | AH36: 360
D37: 2000 | E37: =IF( E68>$E$2, SUMIFS(IF($G$2="CPR",'Grid Data'!$AH$4:$AH$2342,'Grid Data'!$AI$4:$AI$2342),'Grid Data'!$Z$4:$Z$2342,$D37,'Grid Data'!$AA$4:$AA$2342,E$4,'Grid Data'!$Y$4:$Y$2342,$D$2)*100-E5, "--") -> -- | F37: =IF( F68>$E$2, SUMIFS(IF($G$2="CPR",'Grid Data'!$AH$4:$AH$2342,'Grid Data'!$AI$4:$AI$2342),'Grid Data'!$Z$4:$Z$2342,$D37,'Grid Data'!$AA$4:$AA$2342,F$4,'Grid Data'!$Y$4:$Y$2342,$D$2)*100-F5, "--") -> -- | G37: =IF( G68>$E$2, SUMIFS(IF($G$2="CPR",'Grid Data'!$AH$4:$AH$2342,'Grid Data'!$AI$4:$AI$2342),'Grid Data'!$Z$4:$Z$2342,$D37,'Grid Data'!$AA$4:$AA$2342,G$4,'Grid Data'!$Y$4:$Y$2342,$D$2)*100-G5, "--") -> -- | H37: =IF( H68>$E$2, SUMIFS(IF($G$2="CPR",'Grid Data'!$AH$4:$AH$2342,'Grid Data'!$AI$4:$AI$2342),'Grid Data'!$Z$4:$Z$2342,$D37,'Grid Data'!$AA$4:$AA$2342,H$4,'Grid Data'!$Y$4:$Y$2342,$D$2)*100-H5, "--") -> -- | I37: =IF( I68>$E$2, SUMIFS(IF($G$2="CPR",'Grid Data'!$AH$4:$AH$2342,'Grid Data'!$AI$4:$AI$2342),'Grid Data'!$Z$4:$Z$2342,$D37,'Grid Data'!$AA$4:$AA$2342,I$4,'Grid Data'!$Y$4:$Y$2342,$D$2)*100-I5, "--") -> -- | J37: =IF( J68>$E$2, SUMIFS(IF($G$2="CPR",'Grid Data'!$AH$4:$AH$2342,'Grid Data'!$AI$4:$AI$2342),'Grid Data'!$Z$4:$Z$2342,$D37,'Grid Data'!$AA$4:$AA$2342,J$4,'Grid Data'!$Y$4:$Y$2342,$D$2)*100-J5, "--") -> -- | K37: =IF( K68>$E$2, SUMIFS(IF($G$2="CPR",'Grid Data'!$AH$4:$AH$2342,'Grid Data'!$AI$4:$AI$2342),'Grid Data'!$Z$4:$Z$2342,$D37,'Grid Data'!$AA$4:$AA$2342,K$4,'Grid Data'!$Y$4:$Y$2342,$D$2)*100-K5, "--") -> -- | L37: =IF( L68>$E$2, SUMIFS(IF($G$2="CPR",'Grid Data'!$AH$4:$AH$2342,'Grid Data'!$AI$4:$AI$2342),'Grid Data'!$Z$4:$Z$2342,$D37,'Grid Data'!$AA$4:$AA$2342,L$4,'Grid Data'!$Y$4:$Y$2342,$D$2)*100-L5, "--") -> -- | ... AH37: =IF( AH68>$E$2, SUMIFS(IF($G$2="CPR",'Grid Data'!$AH$4:$AH$2342,'Grid Data'!$AI$4:$AI$2342),'Grid Data'!$Z$4:$Z$2342,$D37,'Grid Data'!$AA$4:$AA$2342,AH$4,'Grid Data'!$Y$4:$Y$2342,$D$2)*100-AH5, "--") -> --
A38: =SUMPRODUCT(T37:W46,T68:W77)/SUM(T68:W77) -> -0.029477432 | D38: 2250 | E38: =IF( E69>$E$2, SUMIFS(IF($G$2="CPR",'Grid Data'!$AH$4:$AH$2342,'Grid Data'!$AI$4:$AI$2342),'Grid Data'!$Z$4:$Z$2342,$D38,'Grid Data'!$AA$4:$AA$2342,E$4,'Grid Data'!$Y$4:$Y$2342,$D$2)*100-E6, "--") -> -- | F38: =IF( F69>$E$2, SUMIFS(IF($G$2="CPR",'Grid Data'!$AH$4:$AH$2342,'Grid Data'!$AI$4:$AI$2342),'Grid Data'!$Z$4:$Z$2342,$D38,'Grid Data'!$AA$4:$AA$2342,F$4,'Grid Data'!$Y$4:$Y$2342,$D$2)*100-F6, "--") -> -- | G38: =IF( G69>$E$2, SUMIFS(IF($G$2="CPR",'Grid Data'!$AH$4:$AH$2342,'Grid Data'!$AI$4:$AI$2342),'Grid Data'!$Z$4:$Z$2342,$D38,'Grid Data'!$AA$4:$AA$2342,G$4,'Grid Data'!$Y$4:$Y$2342,$D$2)*100-G6, "--") -> -- | H38: =IF( H69>$E$2, SUMIFS(IF($G$2="CPR",'Grid Data'!$AH$4:$AH$2342,'Grid Data'!$AI$4:$AI$2342),'Grid Data'!$Z$4:$Z$2342,$D38,'Grid Data'!$AA$4:$AA$2342,H$4,'Grid Data'!$Y$4:$Y$2342,$D$2)*100-H6, "--") -> -- | I38: =IF( I69>$E$2, SUMIFS(IF($G$2="CPR",'Grid Data'!$AH$4:$AH$2342,'Grid Data'!$AI$4:$AI$2342),'Grid Data'!$Z$4:$Z$2342,$D38,'Grid Data'!$AA$4:$AA$2342,I$4,'Grid Data'!$Y$4:$Y$2342,$D$2)*100-I6, "--") -> -- | J38: =IF( J69>$E$2, SUMIFS(IF($G$2="CPR",'Grid Data'!$AH$4:$AH$2342,'Grid Data'!$AI$4:$AI$2342),'Grid Data'!$Z$4:$Z$2342,$D38,'Grid Data'!$AA$4:$AA$2342,J$4,'Grid Data'!$Y$4:$Y$2342,$D$2)*100-J6, "--") -> -- | K38: =IF( K69>$E$2, SUMIFS(IF($G$2="CPR",'Grid Data'!$AH$4:$AH$2342,'Grid Data'!$AI$4:$AI$2342),'Grid Data'!$Z$4:$Z$2342,$D38,'Grid Data'!$AA$4:$AA$2342,K$4,'Grid Data'!$Y$4:$Y$2342,$D$2)*100-K6, "--") -> -- | L38: =IF( L69>$E$2, SUMIFS(IF($G$2="CPR",'Grid Data'!$AH$4:$AH$2342,'Grid Data'!$AI$4:$AI$2342),'Grid Data'!$Z$4:$Z$2342,$D38,'Grid Data'!$AA$4:$AA$2342,L$4,'Grid Data'!$Y$4:$Y$2342,$D$2)*100-L6, "--") -> -- | ... AH38: =IF( AH69>$E$2, SUMIFS(IF($G$2="CPR",'Grid Data'!$AH$4:$AH$2342,'Grid Data'!$AI$4:$AI$2342),'Grid Data'!$Z$4:$Z$2342,$D38,'Grid Data'!$AA$4:$AA$2342,AH$4,'Grid Data'!$Y$4:$Y$2342,$D$2)*100-AH6, "--") -> --
D39: 2500 | E39: =IF( E70>$E$2, SUMIFS(IF($G$2="CPR",'Grid Data'!$AH$4:$AH$2342,'Grid Data'!$AI$4:$AI$2342),'Grid Data'!$Z$4:$Z$2342,$D39,'Grid Data'!$AA$4:$AA$2342,E$4,'Grid Data'!$Y$4:$Y$2342,$D$2)*100-E7, "--") -> -- | F39: =IF( F70>$E$2, SUMIFS(IF($G$2="CPR",'Grid Data'!$AH$4:$AH$2342,'Grid Data'!$AI$4:$AI$2342),'Grid Data'!$Z$4:$Z$2342,$D39,'Grid Data'!$AA$4:$AA$2342,F$4,'Grid Data'!$Y$4:$Y$2342,$D$2)*100-F7, "--") -> -- | G39: =IF( G70>$E$2, SUMIFS(IF($G$2="CPR",'Grid Data'!$AH$4:$AH$2342,'Grid Data'!$AI$4:$AI$2342),'Grid Data'!$Z$4:$Z$2342,$D39,'Grid Data'!$AA$4:$AA$2342,G$4,'Grid Data'!$Y$4:$Y$2342,$D$2)*100-G7, "--") -> -- | H39: =IF( H70>$E$2, SUMIFS(IF($G$2="CPR",'Grid Data'!$AH$4:$AH$2342,'Grid Data'!$AI$4:$AI$2342),'Grid Data'!$Z$4:$Z$2342,$D39,'Grid Data'!$AA$4:$AA$2342,H$4,'Grid Data'!$Y$4:$Y$2342,$D$2)*100-H7, "--") -> -- | I39: =IF( I70>$E$2, SUMIFS(IF($G$2="CPR",'Grid Data'!$AH$4:$AH$2342,'Grid Data'!$AI$4:$AI$2342),'Grid Data'!$Z$4:$Z$2342,$D39,'Grid Data'!$AA$4:$AA$2342,I$4,'Grid Data'!$Y$4:$Y$2342,$D$2)*100-I7, "--") -> -- | J39: =IF( J70>$E$2, SUMIFS(IF($G$2="CPR",'Grid Data'!$AH$4:$AH$2342,'Grid Data'!$AI$4:$AI$2342),'Grid Data'!$Z$4:$Z$2342,$D39,'Grid Data'!$AA$4:$AA$2342,J$4,'Grid Data'!$Y$4:$Y$2342,$D$2)*100-J7, "--") -> -- | K39: =IF( K70>$E$2, SUMIFS(IF($G$2="CPR",'Grid Data'!$AH$4:$AH$2342,'Grid Data'!$AI$4:$AI$2342),'Grid Data'!$Z$4:$Z$2342,$D39,'Grid Data'!$AA$4:$AA$2342,K$4,'Grid Data'!$Y$4:$Y$2342,$D$2)*100-K7, "--") -> -- | L39: =IF( L70>$E$2, SUMIFS(IF($G$2="CPR",'Grid Data'!$AH$4:$AH$2342,'Grid Data'!$AI$4:$AI$2342),'Grid Data'!$Z$4:$Z$2342,$D39,'Grid Data'!$AA$4:$AA$2342,L$4,'Grid Data'!$Y$4:$Y$2342,$D$2)*100-L7, "--") -> -- | ... AH39: =IF( AH70>$E$2, SUMIFS(IF($G$2="CPR",'Grid Data'!$AH$4:$AH$2342,'Grid Data'!$AI$4:$AI$2342),'Grid Data'!$Z$4:$Z$2342,$D39,'Grid Data'!$AA$4:$AA$2342,AH$4,'Grid Data'!$Y$4:$Y$2342,$D$2)*100-AH7, "--") -> --
D40: 2750 | E40: =IF( E71>$E$2, SUMIFS(IF($G$2="CPR",'Grid Data'!$AH$4:$AH$2342,'Grid Data'!$AI$4:$AI$2342),'Grid Data'!$Z$4:$Z$2342,$D40,'Grid Data'!$AA$4:$AA$2342,E$4,'Grid Data'!$Y$4:$Y$2342,$D$2)*100-E8, "--") -> -- | F40: =IF( F71>$E$2, SUMIFS(IF($G$2="CPR",'Grid Data'!$AH$4:$AH$2342,'Grid Data'!$AI$4:$AI$2342),'Grid Data'!$Z$4:$Z$2342,$D40,'Grid Data'!$AA$4:$AA$2342,F$4,'Grid Data'!$Y$4:$Y$2342,$D$2)*100-F8, "--") -> -- | G40: =IF( G71>$E$2, SUMIFS(IF($G$2="CPR",'Grid Data'!$AH$4:$AH$2342,'Grid Data'!$AI$4:$AI$2342),'Grid Data'!$Z$4:$Z$2342,$D40,'Grid Data'!$AA$4:$AA$2342,G$4,'Grid Data'!$Y$4:$Y$2342,$D$2)*100-G8, "--") -> -- | H40: =IF( H71>$E$2, SUMIFS(IF($G$2="CPR",'Grid Data'!$AH$4:$AH$2342,'Grid Data'!$AI$4:$AI$2342),'Grid Data'!$Z$4:$Z$2342,$D40,'Grid Data'!$AA$4:$AA$2342,H$4,'Grid Data'!$Y$4:$Y$2342,$D$2)*100-H8, "--") -> -- | I40: =IF( I71>$E$2, SUMIFS(IF($G$2="CPR",'Grid Data'!$AH$4:$AH$2342,'Grid Data'!$AI$4:$AI$2342),'Grid Data'!$Z$4:$Z$2342,$D40,'Grid Data'!$AA$4:$AA$2342,I$4,'Grid Data'!$Y$4:$Y$2342,$D$2)*100-I8, "--") -> -- | J40: =IF( J71>$E$2, SUMIFS(IF($G$2="CPR",'Grid Data'!$AH$4:$AH$2342,'Grid Data'!$AI$4:$AI$2342),'Grid Data'!$Z$4:$Z$2342,$D40,'Grid Data'!$AA$4:$AA$2342,J$4,'Grid Data'!$Y$4:$Y$2342,$D$2)*100-J8, "--") -> -- | K40: =IF( K71>$E$2, SUMIFS(IF($G$2="CPR",'Grid Data'!$AH$4:$AH$2342,'Grid Data'!$AI$4:$AI$2342),'Grid Data'!$Z$4:$Z$2342,$D40,'Grid Data'!$AA$4:$AA$2342,K$4,'Grid Data'!$Y$4:$Y$2342,$D$2)*100-K8, "--") -> -- | L40: =IF( L71>$E$2, SUMIFS(IF($G$2="CPR",'Grid Data'!$AH$4:$AH$2342,'Grid Data'!$AI$4:$AI$2342),'Grid Data'!$Z$4:$Z$2342,$D40,'Grid Data'!$AA$4:$AA$2342,L$4,'Grid Data'!$Y$4:$Y$2342,$D$2)*100-L8, "--") -> -- | ... AH40: =IF( AH71>$E$2, SUMIFS(IF($G$2="CPR",'Grid Data'!$AH$4:$AH$2342,'Grid Data'!$AI$4:$AI$2342),'Grid Data'!$Z$4:$Z$2342,$D40,'Grid Data'!$AA$4:$AA$2342,AH$4,'Grid Data'!$Y$4:$Y$2342,$D$2)*100-AH8, "--") -> --
D41: 3000 | E41: =IF( E72>$E$2, SUMIFS(IF($G$2="CPR",'Grid Data'!$AH$4:$AH$2342,'Grid Data'!$AI$4:$AI$2342),'Grid Data'!$Z$4:$Z$2342,$D41,'Grid Data'!$AA$4:$AA$2342,E$4,'Grid Data'!$Y$4:$Y$2342,$D$2)*100-E9, "--") -> -- | F41: =IF( F72>$E$2, SUMIFS(IF($G$2="CPR",'Grid Data'!$AH$4:$AH$2342,'Grid Data'!$AI$4:$AI$2342),'Grid Data'!$Z$4:$Z$2342,$D41,'Grid Data'!$AA$4:$AA$2342,F$4,'Grid Data'!$Y$4:$Y$2342,$D$2)*100-F9, "--") -> -- | G41: =IF( G72>$E$2, SUMIFS(IF($G$2="CPR",'Grid Data'!$AH$4:$AH$2342,'Grid Data'!$AI$4:$AI$2342),'Grid Data'!$Z$4:$Z$2342,$D41,'Grid Data'!$AA$4:$AA$2342,G$4,'Grid Data'!$Y$4:$Y$2342,$D$2)*100-G9, "--") -> -- | H41: =IF( H72>$E$2, SUMIFS(IF($G$2="CPR",'Grid Data'!$AH$4:$AH$2342,'Grid Data'!$AI$4:$AI$2342),'Grid Data'!$Z$4:$Z$2342,$D41,'Grid Data'!$AA$4:$AA$2342,H$4,'Grid Data'!$Y$4:$Y$2342,$D$2)*100-H9, "--") -> -- | I41: =IF( I72>$E$2, SUMIFS(IF($G$2="CPR",'Grid Data'!$AH$4:$AH$2342,'Grid Data'!$AI$4:$AI$2342),'Grid Data'!$Z$4:$Z$2342,$D41,'Grid Data'!$AA$4:$AA$2342,I$4,'Grid Data'!$Y$4:$Y$2342,$D$2)*100-I9, "--") -> -- | J41: =IF( J72>$E$2, SUMIFS(IF($G$2="CPR",'Grid Data'!$AH$4:$AH$2342,'Grid Data'!$AI$4:$AI$2342),'Grid Data'!$Z$4:$Z$2342,$D41,'Grid Data'!$AA$4:$AA$2342,J$4,'Grid Data'!$Y$4:$Y$2342,$D$2)*100-J9, "--") -> -- | K41: =IF( K72>$E$2, SUMIFS(IF($G$2="CPR",'Grid Data'!$AH$4:$AH$2342,'Grid Data'!$AI$4:$AI$2342),'Grid Data'!$Z$4:$Z$2342,$D41,'Grid Data'!$AA$4:$AA$2342,K$4,'Grid Data'!$Y$4:$Y$2342,$D$2)*100-K9, "--") -> -- | L41: =IF( L72>$E$2, SUMIFS(IF($G$2="CPR",'Grid Data'!$AH$4:$AH$2342,'Grid Data'!$AI$4:$AI$2342),'Grid Data'!$Z$4:$Z$2342,$D41,'Grid Data'!$AA$4:$AA$2342,L$4,'Grid Data'!$Y$4:$Y$2342,$D$2)*100-L9, "--") -> -- | ... AH41: =IF( AH72>$E$2, SUMIFS(IF($G$2="CPR",'Grid Data'!$AH$4:$AH$2342,'Grid Data'!$AI$4:$AI$2342),'Grid Data'!$Z$4:$Z$2342,$D41,'Grid Data'!$AA$4:$AA$2342,AH$4,'Grid Data'!$Y$4:$Y$2342,$D$2)*100-AH9, "--") -> --
D42: 3250 | E42: =IF( E73>$E$2, SUMIFS(IF($G$2="CPR",'Grid Data'!$AH$4:$AH$2342,'Grid Data'!$AI$4:$AI$2342),'Grid Data'!$Z$4:$Z$2342,$D42,'Grid Data'!$AA$4:$AA$2342,E$4,'Grid Data'!$Y$4:$Y$2342,$D$2)*100-E10, "--") -> 0 | F42: =IF( F73>$E$2, SUMIFS(IF($G$2="CPR",'Grid Data'!$AH$4:$AH$2342,'Grid Data'!$AI$4:$AI$2342),'Grid Data'!$Z$4:$Z$2342,$D42,'Grid Data'!$AA$4:$AA$2342,F$4,'Grid Data'!$Y$4:$Y$2342,$D$2)*100-F10, "--") -> -- | G42: =IF( G73>$E$2, SUMIFS(IF($G$2="CPR",'Grid Data'!$AH$4:$AH$2342,'Grid Data'!$AI$4:$AI$2342),'Grid Data'!$Z$4:$Z$2342,$D42,'Grid Data'!$AA$4:$AA$2342,G$4,'Grid Data'!$Y$4:$Y$2342,$D$2)*100-G10, "--") -> -- | H42: =IF( H73>$E$2, SUMIFS(IF($G$2="CPR",'Grid Data'!$AH$4:$AH$2342,'Grid Data'!$AI$4:$AI$2342),'Grid Data'!$Z$4:$Z$2342,$D42,'Grid Data'!$AA$4:$AA$2342,H$4,'Grid Data'!$Y$4:$Y$2342,$D$2)*100-H10, "--") -> -- | I42: =IF( I73>$E$2, SUMIFS(IF($G$2="CPR",'Grid Data'!$AH$4:$AH$2342,'Grid Data'!$AI$4:$AI$2342),'Grid Data'!$Z$4:$Z$2342,$D42,'Grid Data'!$AA$4:$AA$2342,I$4,'Grid Data'!$Y$4:$Y$2342,$D$2)*100-I10, "--") -> -- | J42: =IF( J73>$E$2, SUMIFS(IF($G$2="CPR",'Grid Data'!$AH$4:$AH$2342,'Grid Data'!$AI$4:$AI$2342),'Grid Data'!$Z$4:$Z$2342,$D42,'Grid Data'!$AA$4:$AA$2342,J$4,'Grid Data'!$Y$4:$Y$2342,$D$2)*100-J10, "--") -> -- | K42: =IF( K73>$E$2, SUMIFS(IF($G$2="CPR",'Grid Data'!$AH$4:$AH$2342,'Grid Data'!$AI$4:$AI$2342),'Grid Data'!$Z$4:$Z$2342,$D42,'Grid Data'!$AA$4:$AA$2342,K$4,'Grid Data'!$Y$4:$Y$2342,$D$2)*100-K10, "--") -> -- | L42: =IF( L73>$E$2, SUMIFS(IF($G$2="CPR",'Grid Data'!$AH$4:$AH$2342,'Grid Data'!$AI$4:$AI$2342),'Grid Data'!$Z$4:$Z$2342,$D42,'Grid Data'!$AA$4:$AA$2342,L$4,'Grid Data'!$Y$4:$Y$2342,$D$2)*100-L10, "--") -> -- | ... AH42: =IF( AH73>$E$2, SUMIFS(IF($G$2="CPR",'Grid Data'!$AH$4:$AH$2342,'Grid Data'!$AI$4:$AI$2342),'Grid Data'!$Z$4:$Z$2342,$D42,'Grid Data'!$AA$4:$AA$2342,AH$4,'Grid Data'!$Y$4:$Y$2342,$D$2)*100-AH10, "--") -> --
D43: 3500 | E43: =IF( E74>$E$2, SUMIFS(IF($G$2="CPR",'Grid Data'!$AH$4:$AH$2342,'Grid Data'!$AI$4:$AI$2342),'Grid Data'!$Z$4:$Z$2342,$D43,'Grid Data'!$AA$4:$AA$2342,E$4,'Grid Data'!$Y$4:$Y$2342,$D$2)*100-E11, "--") -> 0 | F43: =IF( F74>$E$2, SUMIFS(IF($G$2="CPR",'Grid Data'!$AH$4:$AH$2342,'Grid Data'!$AI$4:$AI$2342),'Grid Data'!$Z$4:$Z$2342,$D43,'Grid Data'!$AA$4:$AA$2342,F$4,'Grid Data'!$Y$4:$Y$2342,$D$2)*100-F11, "--") -> -- | G43: =IF( G74>$E$2, SUMIFS(IF($G$2="CPR",'Grid Data'!$AH$4:$AH$2342,'Grid Data'!$AI$4:$AI$2342),'Grid Data'!$Z$4:$Z$2342,$D43,'Grid Data'!$AA$4:$AA$2342,G$4,'Grid Data'!$Y$4:$Y$2342,$D$2)*100-G11, "--") -> -- | H43: =IF( H74>$E$2, SUMIFS(IF($G$2="CPR",'Grid Data'!$AH$4:$AH$2342,'Grid Data'!$AI$4:$AI$2342),'Grid Data'!$Z$4:$Z$2342,$D43,'Grid Data'!$AA$4:$AA$2342,H$4,'Grid Data'!$Y$4:$Y$2342,$D$2)*100-H11, "--") -> -- | I43: =IF( I74>$E$2, SUMIFS(IF($G$2="CPR",'Grid Data'!$AH$4:$AH$2342,'Grid Data'!$AI$4:$AI$2342),'Grid Data'!$Z$4:$Z$2342,$D43,'Grid Data'!$AA$4:$AA$2342,I$4,'Grid Data'!$Y$4:$Y$2342,$D$2)*100-I11, "--") -> -- | J43: =IF( J74>$E$2, SUMIFS(IF($G$2="CPR",'Grid Data'!$AH$4:$AH$2342,'Grid Data'!$AI$4:$AI$2342),'Grid Data'!$Z$4:$Z$2342,$D43,'Grid Data'!$AA$4:$AA$2342,J$4,'Grid Data'!$Y$4:$Y$2342,$D$2)*100-J11, "--") -> -- | K43: =IF( K74>$E$2, SUMIFS(IF($G$2="CPR",'Grid Data'!$AH$4:$AH$2342,'Grid Data'!$AI$4:$AI$2342),'Grid Data'!$Z$4:$Z$2342,$D43,'Grid Data'!$AA$4:$AA$2342,K$4,'Grid Data'!$Y$4:$Y$2342,$D$2)*100-K11, "--") -> -- | L43: =IF( L74>$E$2, SUMIFS(IF($G$2="CPR",'Grid Data'!$AH$4:$AH$2342,'Grid Data'!$AI$4:$AI$2342),'Grid Data'!$Z$4:$Z$2342,$D43,'Grid Data'!$AA$4:$AA$2342,L$4,'Grid Data'!$Y$4:$Y$2342,$D$2)*100-L11, "--") -> -- | ... AH43: =IF( AH74>$E$2, SUMIFS(IF($G$2="CPR",'Grid Data'!$AH$4:$AH$2342,'Grid Data'!$AI$4:$AI$2342),'Grid Data'!$Z$4:$Z$2342,$D43,'Grid Data'!$AA$4:$AA$2342,AH$4,'Grid Data'!$Y$4:$Y$2342,$D$2)*100-AH11, "--") -> --
D44: 3750 | E44: =IF( E75>$E$2, SUMIFS(IF($G$2="CPR",'Grid Data'!$AH$4:$AH$2342,'Grid Data'!$AI$4:$AI$2342),'Grid Data'!$Z$4:$Z$2342,$D44,'Grid Data'!$AA$4:$AA$2342,E$4,'Grid Data'!$Y$4:$Y$2342,$D$2)*100-E12, "--") -> 0 | F44: =IF( F75>$E$2, SUMIFS(IF($G$2="CPR",'Grid Data'!$AH$4:$AH$2342,'Grid Data'!$AI$4:$AI$2342),'Grid Data'!$Z$4:$Z$2342,$D44,'Grid Data'!$AA$4:$AA$2342,F$4,'Grid Data'!$Y$4:$Y$2342,$D$2)*100-F12, "--") -> 0 | G44: =IF( G75>$E$2, SUMIFS(IF($G$2="CPR",'Grid Data'!$AH$4:$AH$2342,'Grid Data'!$AI$4:$AI$2342),'Grid Data'!$Z$4:$Z$2342,$D44,'Grid Data'!$AA$4:$AA$2342,G$4,'Grid Data'!$Y$4:$Y$2342,$D$2)*100-G12, "--") -> 0 | H44: =IF( H75>$E$2, SUMIFS(IF($G$2="CPR",'Grid Data'!$AH$4:$AH$2342,'Grid Data'!$AI$4:$AI$2342),'Grid Data'!$Z$4:$Z$2342,$D44,'Grid Data'!$AA$4:$AA$2342,H$4,'Grid Data'!$Y$4:$Y$2342,$D$2)*100-H12, "--") -> 0 | I44: =IF( I75>$E$2, SUMIFS(IF($G$2="CPR",'Grid Data'!$AH$4:$AH$2342,'Grid Data'!$AI$4:$AI$2342),'Grid Data'!$Z$4:$Z$2342,$D44,'Grid Data'!$AA$4:$AA$2342,I$4,'Grid Data'!$Y$4:$Y$2342,$D$2)*100-I12, "--") -> -- | J44: =IF( J75>$E$2, SUMIFS(IF($G$2="CPR",'Grid Data'!$AH$4:$AH$2342,'Grid Data'!$AI$4:$AI$2342),'Grid Data'!$Z$4:$Z$2342,$D44,'Grid Data'!$AA$4:$AA$2342,J$4,'Grid Data'!$Y$4:$Y$2342,$D$2)*100-J12, "--") -> 0 | K44: =IF( K75>$E$2, SUMIFS(IF($G$2="CPR",'Grid Data'!$AH$4:$AH$2342,'Grid Data'!$AI$4:$AI$2342),'Grid Data'!$Z$4:$Z$2342,$D44,'Grid Data'!$AA$4:$AA$2342,K$4,'Grid Data'!$Y$4:$Y$2342,$D$2)*100-K12, "--") -> 0 | L44: =IF( L75>$E$2, SUMIFS(IF($G$2="CPR",'Grid Data'!$AH$4:$AH$2342,'Grid Data'!$AI$4:$AI$2342),'Grid Data'!$Z$4:$Z$2342,$D44,'Grid Data'!$AA$4:$AA$2342,L$4,'Grid Data'!$Y$4:$Y$2342,$D$2)*100-L12, "--") -> 0 | ... AH44: =IF( AH75>$E$2, SUMIFS(IF($G$2="CPR",'Grid Data'!$AH$4:$AH$2342,'Grid Data'!$AI$4:$AI$2342),'Grid Data'!$Z$4:$Z$2342,$D44,'Grid Data'!$AA$4:$AA$2342,AH$4,'Grid Data'!$Y$4:$Y$2342,$D$2)*100-AH12, "--") -> --
D45: 4000 | E45: =IF( E76>$E$2, SUMIFS(IF($G$2="CPR",'Grid Data'!$AH$4:$AH$2342,'Grid Data'!$AI$4:$AI$2342),'Grid Data'!$Z$4:$Z$2342,$D45,'Grid Data'!$AA$4:$AA$2342,E$4,'Grid Data'!$Y$4:$Y$2342,$D$2)*100-E13, "--") -> 0.0453 | F45: =IF( F76>$E$2, SUMIFS(IF($G$2="CPR",'Grid Data'!$AH$4:$AH$2342,'Grid Data'!$AI$4:$AI$2342),'Grid Data'!$Z$4:$Z$2342,$D45,'Grid Data'!$AA$4:$AA$2342,F$4,'Grid Data'!$Y$4:$Y$2342,$D$2)*100-F13, "--") -> 0 | G45: =IF( G76>$E$2, SUMIFS(IF($G$2="CPR",'Grid Data'!$AH$4:$AH$2342,'Grid Data'!$AI$4:$AI$2342),'Grid Data'!$Z$4:$Z$2342,$D45,'Grid Data'!$AA$4:$AA$2342,G$4,'Grid Data'!$Y$4:$Y$2342,$D$2)*100-G13, "--") -> 0 | H45: =IF( H76>$E$2, SUMIFS(IF($G$2="CPR",'Grid Data'!$AH$4:$AH$2342,'Grid Data'!$AI$4:$AI$2342),'Grid Data'!$Z$4:$Z$2342,$D45,'Grid Data'!$AA$4:$AA$2342,H$4,'Grid Data'!$Y$4:$Y$2342,$D$2)*100-H13, "--") -> -0.5643 | I45: =IF( I76>$E$2, SUMIFS(IF($G$2="CPR",'Grid Data'!$AH$4:$AH$2342,'Grid Data'!$AI$4:$AI$2342),'Grid Data'!$Z$4:$Z$2342,$D45,'Grid Data'!$AA$4:$AA$2342,I$4,'Grid Data'!$Y$4:$Y$2342,$D$2)*100-I13, "--") -> -1.2577 | J45: =IF( J76>$E$2, SUMIFS(IF($G$2="CPR",'Grid Data'!$AH$4:$AH$2342,'Grid Data'!$AI$4:$AI$2342),'Grid Data'!$Z$4:$Z$2342,$D45,'Grid Data'!$AA$4:$AA$2342,J$4,'Grid Data'!$Y$4:$Y$2342,$D$2)*100-J13, "--") -> 1.9207 | K45: =IF( K76>$E$2, SUMIFS(IF($G$2="CPR",'Grid Data'!$AH$4:$AH$2342,'Grid Data'!$AI$4:$AI$2342),'Grid Data'!$Z$4:$Z$2342,$D45,'Grid Data'!$AA$4:$AA$2342,K$4,'Grid Data'!$Y$4:$Y$2342,$D$2)*100-K13, "--") -> 2.324 | L45: =IF( L76>$E$2, SUMIFS(IF($G$2="CPR",'Grid Data'!$AH$4:$AH$2342,'Grid Data'!$AI$4:$AI$2342),'Grid Data'!$Z$4:$Z$2342,$D45,'Grid Data'!$AA$4:$AA$2342,L$4,'Grid Data'!$Y$4:$Y$2342,$D$2)*100-L13, "--") -> 0.0039 | ... AH45: =IF( AH76>$E$2, SUMIFS(IF($G$2="CPR",'Grid Data'!$AH$4:$AH$2342,'Grid Data'!$AI$4:$AI$2342),'Grid Data'!$Z$4:$Z$2342,$D45,'Grid Data'!$AA$4:$AA$2342,AH$4,'Grid Data'!$Y$4:$Y$2342,$D$2)*100-AH13, "--") -> --
D46: 4250 | E46: =IF( E77>$E$2, SUMIFS(IF($G$2="CPR",'Grid Data'!$AH$4:$AH$2342,'Grid Data'!$AI$4:$AI$2342),'Grid Data'!$Z$4:$Z$2342,$D46,'Grid Data'!$AA$4:$AA$2342,E$4,'Grid Data'!$Y$4:$Y$2342,$D$2)*100-E14, "--") -> 0.4851 | F46: =IF( F77>$E$2, SUMIFS(IF($G$2="CPR",'Grid Data'!$AH$4:$AH$2342,'Grid Data'!$AI$4:$AI$2342),'Grid Data'!$Z$4:$Z$2342,$D46,'Grid Data'!$AA$4:$AA$2342,F$4,'Grid Data'!$Y$4:$Y$2342,$D$2)*100-F14, "--") -> 0 | G46: =IF( G77>$E$2, SUMIFS(IF($G$2="CPR",'Grid Data'!$AH$4:$AH$2342,'Grid Data'!$AI$4:$AI$2342),'Grid Data'!$Z$4:$Z$2342,$D46,'Grid Data'!$AA$4:$AA$2342,G$4,'Grid Data'!$Y$4:$Y$2342,$D$2)*100-G14, "--") -> 0 | H46: =IF( H77>$E$2, SUMIFS(IF($G$2="CPR",'Grid Data'!$AH$4:$AH$2342,'Grid Data'!$AI$4:$AI$2342),'Grid Data'!$Z$4:$Z$2342,$D46,'Grid Data'!$AA$4:$AA$2342,H$4,'Grid Data'!$Y$4:$Y$2342,$D$2)*100-H14, "--") -> 0 | I46: =IF( I77>$E$2, SUMIFS(IF($G$2="CPR",'Grid Data'!$AH$4:$AH$2342,'Grid Data'!$AI$4:$AI$2342),'Grid Data'!$Z$4:$Z$2342,$D46,'Grid Data'!$AA$4:$AA$2342,I$4,'Grid Data'!$Y$4:$Y$2342,$D$2)*100-I14, "--") -> 0 | J46: =IF( J77>$E$2, SUMIFS(IF($G$2="CPR",'Grid Data'!$AH$4:$AH$2342,'Grid Data'!$AI$4:$AI$2342),'Grid Data'!$Z$4:$Z$2342,$D46,'Grid Data'!$AA$4:$AA$2342,J$4,'Grid Data'!$Y$4:$Y$2342,$D$2)*100-J14, "--") -> 0 | K46: =IF( K77>$E$2, SUMIFS(IF($G$2="CPR",'Grid Data'!$AH$4:$AH$2342,'Grid Data'!$AI$4:$AI$2342),'Grid Data'!$Z$4:$Z$2342,$D46,'Grid Data'!$AA$4:$AA$2342,K$4,'Grid Data'!$Y$4:$Y$2342,$D$2)*100-K14, "--") -> 0 | L46: =IF( L77>$E$2, SUMIFS(IF($G$2="CPR",'Grid Data'!$AH$4:$AH$2342,'Grid Data'!$AI$4:$AI$2342),'Grid Data'!$Z$4:$Z$2342,$D46,'Grid Data'!$AA$4:$AA$2342,L$4,'Grid Data'!$Y$4:$Y$2342,$D$2)*100-L14, "--") -> 0 | ... AH46: =IF( AH77>$E$2, SUMIFS(IF($G$2="CPR",'Grid Data'!$AH$4:$AH$2342,'Grid Data'!$AI$4:$AI$2342),'Grid Data'!$Z$4:$Z$2342,$D46,'Grid Data'!$AA$4:$AA$2342,AH$4,'Grid Data'!$Y$4:$Y$2342,$D$2)*100-AH14, "--") -> --
D47: 4500 | E47: =IF( E78>$E$2, SUMIFS(IF($G$2="CPR",'Grid Data'!$AH$4:$AH$2342,'Grid Data'!$AI$4:$AI$2342),'Grid Data'!$Z$4:$Z$2342,$D47,'Grid Data'!$AA$4:$AA$2342,E$4,'Grid Data'!$Y$4:$Y$2342,$D$2)*100-E15, "--") -> 0 | F47: =IF( F78>$E$2, SUMIFS(IF($G$2="CPR",'Grid Data'!$AH$4:$AH$2342,'Grid Data'!$AI$4:$AI$2342),'Grid Data'!$Z$4:$Z$2342,$D47,'Grid Data'!$AA$4:$AA$2342,F$4,'Grid Data'!$Y$4:$Y$2342,$D$2)*100-F15, "--") -> -1.6929 | G47: =IF( G78>$E$2, SUMIFS(IF($G$2="CPR",'Grid Data'!$AH$4:$AH$2342,'Grid Data'!$AI$4:$AI$2342),'Grid Data'!$Z$4:$Z$2342,$D47,'Grid Data'!$AA$4:$AA$2342,G$4,'Grid Data'!$Y$4:$Y$2342,$D$2)*100-G15, "--") -> 1.9001 | H47: =IF( H78>$E$2, SUMIFS(IF($G$2="CPR",'Grid Data'!$AH$4:$AH$2342,'Grid Data'!$AI$4:$AI$2342),'Grid Data'!$Z$4:$Z$2342,$D47,'Grid Data'!$AA$4:$AA$2342,H$4,'Grid Data'!$Y$4:$Y$2342,$D$2)*100-H15, "--") -> 0 | I47: =IF( I78>$E$2, SUMIFS(IF($G$2="CPR",'Grid Data'!$AH$4:$AH$2342,'Grid Data'!$AI$4:$AI$2342),'Grid Data'!$Z$4:$Z$2342,$D47,'Grid Data'!$AA$4:$AA$2342,I$4,'Grid Data'!$Y$4:$Y$2342,$D$2)*100-I15, "--") -> 0 | J47: =IF( J78>$E$2, SUMIFS(IF($G$2="CPR",'Grid Data'!$AH$4:$AH$2342,'Grid Data'!$AI$4:$AI$2342),'Grid Data'!$Z$4:$Z$2342,$D47,'Grid Data'!$AA$4:$AA$2342,J$4,'Grid Data'!$Y$4:$Y$2342,$D$2)*100-J15, "--") -> 0 | K47: =IF( K78>$E$2, SUMIFS(IF($G$2="CPR",'Grid Data'!$AH$4:$AH$2342,'Grid Data'!$AI$4:$AI$2342),'Grid Data'!$Z$4:$Z$2342,$D47,'Grid Data'!$AA$4:$AA$2342,K$4,'Grid Data'!$Y$4:$Y$2342,$D$2)*100-K15, "--") -> -2.0702 | L47: =IF( L78>$E$2, SUMIFS(IF($G$2="CPR",'Grid Data'!$AH$4:$AH$2342,'Grid Data'!$AI$4:$AI$2342),'Grid Data'!$Z$4:$Z$2342,$D47,'Grid Data'!$AA$4:$AA$2342,L$4,'Grid Data'!$Y$4:$Y$2342,$D$2)*100-L15, "--") -> -1.299 | ... AH47: =IF( AH78>$E$2, SUMIFS(IF($G$2="CPR",'Grid Data'!$AH$4:$AH$2342,'Grid Data'!$AI$4:$AI$2342),'Grid Data'!$Z$4:$Z$2342,$D47,'Grid Data'!$AA$4:$AA$2342,AH$4,'Grid Data'!$Y$4:$Y$2342,$D$2)*100-AH15, "--") -> --
D48: 4750 | E48: =IF( E79>$E$2, SUMIFS(IF($G$2="CPR",'Grid Data'!$AH$4:$AH$2342,'Grid Data'!$AI$4:$AI$2342),'Grid Data'!$Z$4:$Z$2342,$D48,'Grid Data'!$AA$4:$AA$2342,E$4,'Grid Data'!$Y$4:$Y$2342,$D$2)*100-E16, "--") -> -0.1527 | F48: =IF( F79>$E$2, SUMIFS(IF($G$2="CPR",'Grid Data'!$AH$4:$AH$2342,'Grid Data'!$AI$4:$AI$2342),'Grid Data'!$Z$4:$Z$2342,$D48,'Grid Data'!$AA$4:$AA$2342,F$4,'Grid Data'!$Y$4:$Y$2342,$D$2)*100-F16, "--") -> -1.718 | G48: =IF( G79>$E$2, SUMIFS(IF($G$2="CPR",'Grid Data'!$AH$4:$AH$2342,'Grid Data'!$AI$4:$AI$2342),'Grid Data'!$Z$4:$Z$2342,$D48,'Grid Data'!$AA$4:$AA$2342,G$4,'Grid Data'!$Y$4:$Y$2342,$D$2)*100-G16, "--") -> 0.1537 | H48: =IF( H79>$E$2, SUMIFS(IF($G$2="CPR",'Grid Data'!$AH$4:$AH$2342,'Grid Data'!$AI$4:$AI$2342),'Grid Data'!$Z$4:$Z$2342,$D48,'Grid Data'!$AA$4:$AA$2342,H$4,'Grid Data'!$Y$4:$Y$2342,$D$2)*100-H16, "--") -> 0 | I48: =IF( I79>$E$2, SUMIFS(IF($G$2="CPR",'Grid Data'!$AH$4:$AH$2342,'Grid Data'!$AI$4:$AI$2342),'Grid Data'!$Z$4:$Z$2342,$D48,'Grid Data'!$AA$4:$AA$2342,I$4,'Grid Data'!$Y$4:$Y$2342,$D$2)*100-I16, "--") -> 0 | J48: =IF( J79>$E$2, SUMIFS(IF($G$2="CPR",'Grid Data'!$AH$4:$AH$2342,'Grid Data'!$AI$4:$AI$2342),'Grid Data'!$Z$4:$Z$2342,$D48,'Grid Data'!$AA$4:$AA$2342,J$4,'Grid Data'!$Y$4:$Y$2342,$D$2)*100-J16, "--") -> -0.8078 | K48: =IF( K79>$E$2, SUMIFS(IF($G$2="CPR",'Grid Data'!$AH$4:$AH$2342,'Grid Data'!$AI$4:$AI$2342),'Grid Data'!$Z$4:$Z$2342,$D48,'Grid Data'!$AA$4:$AA$2342,K$4,'Grid Data'!$Y$4:$Y$2342,$D$2)*100-K16, "--") -> 0 | L48: =IF( L79>$E$2, SUMIFS(IF($G$2="CPR",'Grid Data'!$AH$4:$AH$2342,'Grid Data'!$AI$4:$AI$2342),'Grid Data'!$Z$4:$Z$2342,$D48,'Grid Data'!$AA$4:$AA$2342,L$4,'Grid Data'!$Y$4:$Y$2342,$D$2)*100-L16, "--") -> 0.2459 | ... AH48: =IF( AH79>$E$2, SUMIFS(IF($G$2="CPR",'Grid Data'!$AH$4:$AH$2342,'Grid Data'!$AI$4:$AI$2342),'Grid Data'!$Z$4:$Z$2342,$D48,'Grid Data'!$AA$4:$AA$2342,AH$4,'Grid Data'!$Y$4:$Y$2342,$D$2)*100-AH16, "--") -> --
D49: 5000 | E49: =IF( E80>$E$2, SUMIFS(IF($G$2="CPR",'Grid Data'!$AH$4:$AH$2342,'Grid Data'!$AI$4:$AI$2342),'Grid Data'!$Z$4:$Z$2342,$D49,'Grid Data'!$AA$4:$AA$2342,E$4,'Grid Data'!$Y$4:$Y$2342,$D$2)*100-E17, "--") -> -0.4526 | F49: =IF( F80>$E$2, SUMIFS(IF($G$2="CPR",'Grid Data'!$AH$4:$AH$2342,'Grid Data'!$AI$4:$AI$2342),'Grid Data'!$Z$4:$Z$2342,$D49,'Grid Data'!$AA$4:$AA$2342,F$4,'Grid Data'!$Y$4:$Y$2342,$D$2)*100-F17, "--") -> 0.2495 | G49: =IF( G80>$E$2, SUMIFS(IF($G$2="CPR",'Grid Data'!$AH$4:$AH$2342,'Grid Data'!$AI$4:$AI$2342),'Grid Data'!$Z$4:$Z$2342,$D49,'Grid Data'!$AA$4:$AA$2342,G$4,'Grid Data'!$Y$4:$Y$2342,$D$2)*100-G17, "--") -> 0.3157 | H49: =IF( H80>$E$2, SUMIFS(IF($G$2="CPR",'Grid Data'!$AH$4:$AH$2342,'Grid Data'!$AI$4:$AI$2342),'Grid Data'!$Z$4:$Z$2342,$D49,'Grid Data'!$AA$4:$AA$2342,H$4,'Grid Data'!$Y$4:$Y$2342,$D$2)*100-H17, "--") -> 0.7562 | I49: =IF( I80>$E$2, SUMIFS(IF($G$2="CPR",'Grid Data'!$AH$4:$AH$2342,'Grid Data'!$AI$4:$AI$2342),'Grid Data'!$Z$4:$Z$2342,$D49,'Grid Data'!$AA$4:$AA$2342,I$4,'Grid Data'!$Y$4:$Y$2342,$D$2)*100-I17, "--") -> -0.1876 | J49: =IF( J80>$E$2, SUMIFS(IF($G$2="CPR",'Grid Data'!$AH$4:$AH$2342,'Grid Data'!$AI$4:$AI$2342),'Grid Data'!$Z$4:$Z$2342,$D49,'Grid Data'!$AA$4:$AA$2342,J$4,'Grid Data'!$Y$4:$Y$2342,$D$2)*100-J17, "--") -> 1.4102 | K49: =IF( K80>$E$2, SUMIFS(IF($G$2="CPR",'Grid Data'!$AH$4:$AH$2342,'Grid Data'!$AI$4:$AI$2342),'Grid Data'!$Z$4:$Z$2342,$D49,'Grid Data'!$AA$4:$AA$2342,K$4,'Grid Data'!$Y$4:$Y$2342,$D$2)*100-K17, "--") -> -0.0857 | L49: =IF( L80>$E$2, SUMIFS(IF($G$2="CPR",'Grid Data'!$AH$4:$AH$2342,'Grid Data'!$AI$4:$AI$2342),'Grid Data'!$Z$4:$Z$2342,$D49,'Grid Data'!$AA$4:$AA$2342,L$4,'Grid Data'!$Y$4:$Y$2342,$D$2)*100-L17, "--") -> -1.0584 | ... AH49: =IF( AH80>$E$2, SUMIFS(IF($G$2="CPR",'Grid Data'!$AH$4:$AH$2342,'Grid Data'!$AI$4:$AI$2342),'Grid Data'!$Z$4:$Z$2342,$D49,'Grid Data'!$AA$4:$AA$2342,AH$4,'Grid Data'!$Y$4:$Y$2342,$D$2)*100-AH17, "--") -> --
D50: 5250 | E50: =IF( E81>$E$2, SUMIFS(IF($G$2="CPR",'Grid Data'!$AH$4:$AH$2342,'Grid Data'!$AI$4:$AI$2342),'Grid Data'!$Z$4:$Z$2342,$D50,'Grid Data'!$AA$4:$AA$2342,E$4,'Grid Data'!$Y$4:$Y$2342,$D$2)*100-E18, "--") -> -0.0856 | F50: =IF( F81>$E$2, SUMIFS(IF($G$2="CPR",'Grid Data'!$AH$4:$AH$2342,'Grid Data'!$AI$4:$AI$2342),'Grid Data'!$Z$4:$Z$2342,$D50,'Grid Data'!$AA$4:$AA$2342,F$4,'Grid Data'!$Y$4:$Y$2342,$D$2)*100-F18, "--") -> -0.7256 | G50: =IF( G81>$E$2, SUMIFS(IF($G$2="CPR",'Grid Data'!$AH$4:$AH$2342,'Grid Data'!$AI$4:$AI$2342),'Grid Data'!$Z$4:$Z$2342,$D50,'Grid Data'!$AA$4:$AA$2342,G$4,'Grid Data'!$Y$4:$Y$2342,$D$2)*100-G18, "--") -> -4.5129 | H50: =IF( H81>$E$2, SUMIFS(IF($G$2="CPR",'Grid Data'!$AH$4:$AH$2342,'Grid Data'!$AI$4:$AI$2342),'Grid Data'!$Z$4:$Z$2342,$D50,'Grid Data'!$AA$4:$AA$2342,H$4,'Grid Data'!$Y$4:$Y$2342,$D$2)*100-H18, "--") -> 0.4748 | I50: =IF( I81>$E$2, SUMIFS(IF($G$2="CPR",'Grid Data'!$AH$4:$AH$2342,'Grid Data'!$AI$4:$AI$2342),'Grid Data'!$Z$4:$Z$2342,$D50,'Grid Data'!$AA$4:$AA$2342,I$4,'Grid Data'!$Y$4:$Y$2342,$D$2)*100-I18, "--") -> -0.6806 | J50: =IF( J81>$E$2, SUMIFS(IF($G$2="CPR",'Grid Data'!$AH$4:$AH$2342,'Grid Data'!$AI$4:$AI$2342),'Grid Data'!$Z$4:$Z$2342,$D50,'Grid Data'!$AA$4:$AA$2342,J$4,'Grid Data'!$Y$4:$Y$2342,$D$2)*100-J18, "--") -> 1.4314 | K50: =IF( K81>$E$2, SUMIFS(IF($G$2="CPR",'Grid Data'!$AH$4:$AH$2342,'Grid Data'!$AI$4:$AI$2342),'Grid Data'!$Z$4:$Z$2342,$D50,'Grid Data'!$AA$4:$AA$2342,K$4,'Grid Data'!$Y$4:$Y$2342,$D$2)*100-K18, "--") -> 1.1637 | L50: =IF( L81>$E$2, SUMIFS(IF($G$2="CPR",'Grid Data'!$AH$4:$AH$2342,'Grid Data'!$AI$4:$AI$2342),'Grid Data'!$Z$4:$Z$2342,$D50,'Grid Data'!$AA$4:$AA$2342,L$4,'Grid Data'!$Y$4:$Y$2342,$D$2)*100-L18, "--") -> 2.7914 | ... AH50: =IF( AH81>$E$2, SUMIFS(IF($G$2="CPR",'Grid Data'!$AH$4:$AH$2342,'Grid Data'!$AI$4:$AI$2342),'Grid Data'!$Z$4:$Z$2342,$D50,'Grid Data'!$AA$4:$AA$2342,AH$4,'Grid Data'!$Y$4:$Y$2342,$D$2)*100-AH18, "--") -> --
... D65: 20000 | E65: =IF( E96>$E$2, SUMIFS(IF($G$2="CPR",'Grid Data'!$AH$4:$AH$2342,'Grid Data'!$AI$4:$AI$2342),'Grid Data'!$Z$4:$Z$2342,$D65,'Grid Data'!$AA$4:$AA$2342,E$4,'Grid Data'!$Y$4:$Y$2342,$D$2)*100-E33, "--") -> -- | F65: =IF( F96>$E$2, SUMIFS(IF($G$2="CPR",'Grid Data'!$AH$4:$AH$2342,'Grid Data'!$AI$4:$AI$2342),'Grid Data'!$Z$4:$Z$2342,$D65,'Grid Data'!$AA$4:$AA$2342,F$4,'Grid Data'!$Y$4:$Y$2342,$D$2)*100-F33, "--") -> -- | G65: =IF( G96>$E$2, SUMIFS(IF($G$2="CPR",'Grid Data'!$AH$4:$AH$2342,'Grid Data'!$AI$4:$AI$2342),'Grid Data'!$Z$4:$Z$2342,$D65,'Grid Data'!$AA$4:$AA$2342,G$4,'Grid Data'!$Y$4:$Y$2342,$D$2)*100-G33, "--") -> -- | H65: =IF( H96>$E$2, SUMIFS(IF($G$2="CPR",'Grid Data'!$AH$4:$AH$2342,'Grid Data'!$AI$4:$AI$2342),'Grid Data'!$Z$4:$Z$2342,$D65,'Grid Data'!$AA$4:$AA$2342,H$4,'Grid Data'!$Y$4:$Y$2342,$D$2)*100-H33, "--") -> -- | I65: =IF( I96>$E$2, SUMIFS(IF($G$2="CPR",'Grid Data'!$AH$4:$AH$2342,'Grid Data'!$AI$4:$AI$2342),'Grid Data'!$Z$4:$Z$2342,$D65,'Grid Data'!$AA$4:$AA$2342,I$4,'Grid Data'!$Y$4:$Y$2342,$D$2)*100-I33, "--") -> -- | J65: =IF( J96>$E$2, SUMIFS(IF($G$2="CPR",'Grid Data'!$AH$4:$AH$2342,'Grid Data'!$AI$4:$AI$2342),'Grid Data'!$Z$4:$Z$2342,$D65,'Grid Data'!$AA$4:$AA$2342,J$4,'Grid Data'!$Y$4:$Y$2342,$D$2)*100-J33, "--") -> -- | K65: =IF( K96>$E$2, SUMIFS(IF($G$2="CPR",'Grid Data'!$AH$4:$AH$2342,'Grid Data'!$AI$4:$AI$2342),'Grid Data'!$Z$4:$Z$2342,$D65,'Grid Data'!$AA$4:$AA$2342,K$4,'Grid Data'!$Y$4:$Y$2342,$D$2)*100-K33, "--") -> -- | L65: =IF( L96>$E$2, SUMIFS(IF($G$2="CPR",'Grid Data'!$AH$4:$AH$2342,'Grid Data'!$AI$4:$AI$2342),'Grid Data'!$Z$4:$Z$2342,$D65,'Grid Data'!$AA$4:$AA$2342,L$4,'Grid Data'!$Y$4:$Y$2342,$D$2)*100-L33, "--") -> -- | ... AH65: =IF( AH96>$E$2, SUMIFS(IF($G$2="CPR",'Grid Data'!$AH$4:$AH$2342,'Grid Data'!$AI$4:$AI$2342),'Grid Data'!$Z$4:$Z$2342,$D65,'Grid Data'!$AA$4:$AA$2342,AH$4,'Grid Data'!$Y$4:$Y$2342,$D$2)*100-AH33, "--") -> --
C67: Apr | D67: Ln Count | E67: 5 | F67: 6 | G67: 7 | H67: 8 | I67: 9 | J67: 10 | K67: 12 | L67: 14 | M67: 16 | N67: 18 | O67: 20 | P67: 24 | Q67: 30 | R67: 36 | S67: 42 | T67: 48 | U67: 54 | V67: 60 | W67: 72 | X67: 84 | Y67: 96 | Z67: 108 | AA67: 120 | AB67: 144 | AC67: 168 | AD67: 192 | AE67: 216 | AF67: 240 | AG67: 320 | AH67: 360
D68: 2000 | E68: =SUMIFS('Grid Data'!$P$4:$P$2342,'Grid Data'!$N$4:$N$2342,$D68,'Grid Data'!$O$4:$O$2342,E$4,'Grid Data'!$M$4:$M$2342,$D$2) -> 0 | F68: =SUMIFS('Grid Data'!$P$4:$P$2342,'Grid Data'!$N$4:$N$2342,$D68,'Grid Data'!$O$4:$O$2342,F$4,'Grid Data'!$M$4:$M$2342,$D$2) -> 0 | G68: =SUMIFS('Grid Data'!$P$4:$P$2342,'Grid Data'!$N$4:$N$2342,$D68,'Grid Data'!$O$4:$O$2342,G$4,'Grid Data'!$M$4:$M$2342,$D$2) -> 0 | H68: =SUMIFS('Grid Data'!$P$4:$P$2342,'Grid Data'!$N$4:$N$2342,$D68,'Grid Data'!$O$4:$O$2342,H$4,'Grid Data'!$M$4:$M$2342,$D$2) -> 0 | I68: =SUMIFS('Grid Data'!$P$4:$P$2342,'Grid Data'!$N$4:$N$2342,$D68,'Grid Data'!$O$4:$O$2342,I$4,'Grid Data'!$M$4:$M$2342,$D$2) -> 0 | J68: =SUMIFS('Grid Data'!$P$4:$P$2342,'Grid Data'!$N$4:$N$2342,$D68,'Grid Data'!$O$4:$O$2342,J$4,'Grid Data'!$M$4:$M$2342,$D$2) -> 0 | K68: =SUMIFS('Grid Data'!$P$4:$P$2342,'Grid Data'!$N$4:$N$2342,$D68,'Grid Data'!$O$4:$O$2342,K$4,'Grid Data'!$M$4:$M$2342,$D$2) -> 0 | L68: =SUMIFS('Grid Data'!$P$4:$P$2342,'Grid Data'!$N$4:$N$2342,$D68,'Grid Data'!$O$4:$O$2342,L$4,'Grid Data'!$M$4:$M$2342,$D$2) -> 0 | ... AH68: =SUMIFS('Grid Data'!$P$4:$P$2342,'Grid Data'!$N$4:$N$2342,$D68,'Grid Data'!$O$4:$O$2342,AH$4,'Grid Data'!$M$4:$M$2342,$D$2) -> 0
D69: 2250 | E69: =SUMIFS('Grid Data'!$P$4:$P$2342,'Grid Data'!$N$4:$N$2342,$D69,'Grid Data'!$O$4:$O$2342,E$4,'Grid Data'!$M$4:$M$2342,$D$2) -> 0 | F69: =SUMIFS('Grid Data'!$P$4:$P$2342,'Grid Data'!$N$4:$N$2342,$D69,'Grid Data'!$O$4:$O$2342,F$4,'Grid Data'!$M$4:$M$2342,$D$2) -> 0 | G69: =SUMIFS('Grid Data'!$P$4:$P$2342,'Grid Data'!$N$4:$N$2342,$D69,'Grid Data'!$O$4:$O$2342,G$4,'Grid Data'!$M$4:$M$2342,$D$2) -> 0 | H69: =SUMIFS('Grid Data'!$P$4:$P$2342,'Grid Data'!$N$4:$N$2342,$D69,'Grid Data'!$O$4:$O$2342,H$4,'Grid Data'!$M$4:$M$2342,$D$2) -> 0 | I69: =SUMIFS('Grid Data'!$P$4:$P$2342,'Grid Data'!$N$4:$N$2342,$D69,'Grid Data'!$O$4:$O$2342,I$4,'Grid Data'!$M$4:$M$2342,$D$2) -> 0 | J69: =SUMIFS('Grid Data'!$P$4:$P$2342,'Grid Data'!$N$4:$N$2342,$D69,'Grid Data'!$O$4:$O$2342,J$4,'Grid Data'!$M$4:$M$2342,$D$2) -> 0 | K69: =SUMIFS('Grid Data'!$P$4:$P$2342,'Grid Data'!$N$4:$N$2342,$D69,'Grid Data'!$O$4:$O$2342,K$4,'Grid Data'!$M$4:$M$2342,$D$2) -> 0 | L69: =SUMIFS('Grid Data'!$P$4:$P$2342,'Grid Data'!$N$4:$N$2342,$D69,'Grid Data'!$O$4:$O$2342,L$4,'Grid Data'!$M$4:$M$2342,$D$2) -> 0 | ... AH69: =SUMIFS('Grid Data'!$P$4:$P$2342,'Grid Data'!$N$4:$N$2342,$D69,'Grid Data'!$O$4:$O$2342,AH$4,'Grid Data'!$M$4:$M$2342,$D$2) -> 0
D70: 2500 | E70: =SUMIFS('Grid Data'!$P$4:$P$2342,'Grid Data'!$N$4:$N$2342,$D70,'Grid Data'!$O$4:$O$2342,E$4,'Grid Data'!$M$4:$M$2342,$D$2) -> 0 | F70: =SUMIFS('Grid Data'!$P$4:$P$2342,'Grid Data'!$N$4:$N$2342,$D70,'Grid Data'!$O$4:$O$2342,F$4,'Grid Data'!$M$4:$M$2342,$D$2) -> 0 | G70: =SUMIFS('Grid Data'!$P$4:$P$2342,'Grid Data'!$N$4:$N$2342,$D70,'Grid Data'!$O$4:$O$2342,G$4,'Grid Data'!$M$4:$M$2342,$D$2) -> 0 | H70: =SUMIFS('Grid Data'!$P$4:$P$2342,'Grid Data'!$N$4:$N$2342,$D70,'Grid Data'!$O$4:$O$2342,H$4,'Grid Data'!$M$4:$M$2342,$D$2) -> 0 | I70: =SUMIFS('Grid Data'!$P$4:$P$2342,'Grid Data'!$N$4:$N$2342,$D70,'Grid Data'!$O$4:$O$2342,I$4,'Grid Data'!$M$4:$M$2342,$D$2) -> 0 | J70: =SUMIFS('Grid Data'!$P$4:$P$2342,'Grid Data'!$N$4:$N$2342,$D70,'Grid Data'!$O$4:$O$2342,J$4,'Grid Data'!$M$4:$M$2342,$D$2) -> 0 | K70: =SUMIFS('Grid Data'!$P$4:$P$2342,'Grid Data'!$N$4:$N$2342,$D70,'Grid Data'!$O$4:$O$2342,K$4,'Grid Data'!$M$4:$M$2342,$D$2) -> 6 | L70: =SUMIFS('Grid Data'!$P$4:$P$2342,'Grid Data'!$N$4:$N$2342,$D70,'Grid Data'!$O$4:$O$2342,L$4,'Grid Data'!$M$4:$M$2342,$D$2) -> 1 | ... AH70: =SUMIFS('Grid Data'!$P$4:$P$2342,'Grid Data'!$N$4:$N$2342,$D70,'Grid Data'!$O$4:$O$2342,AH$4,'Grid Data'!$M$4:$M$2342,$D$2) -> 0
D71: 2750 | E71: =SUMIFS('Grid Data'!$P$4:$P$2342,'Grid Data'!$N$4:$N$2342,$D71,'Grid Data'!$O$4:$O$2342,E$4,'Grid Data'!$M$4:$M$2342,$D$2) -> 6 | F71: =SUMIFS('Grid Data'!$P$4:$P$2342,'Grid Data'!$N$4:$N$2342,$D71,'Grid Data'!$O$4:$O$2342,F$4,'Grid Data'!$M$4:$M$2342,$D$2) -> 0 | G71: =SUMIFS('Grid Data'!$P$4:$P$2342,'Grid Data'!$N$4:$N$2342,$D71,'Grid Data'!$O$4:$O$2342,G$4,'Grid Data'!$M$4:$M$2342,$D$2) -> 0 | H71: =SUMIFS('Grid Data'!$P$4:$P$2342,'Grid Data'!$N$4:$N$2342,$D71,'Grid Data'!$O$4:$O$2342,H$4,'Grid Data'!$M$4:$M$2342,$D$2) -> 1 | I71: =SUMIFS('Grid Data'!$P$4:$P$2342,'Grid Data'!$N$4:$N$2342,$D71,'Grid Data'!$O$4:$O$2342,I$4,'Grid Data'!$M$4:$M$2342,$D$2) -> 0 | J71: =SUMIFS('Grid Data'!$P$4:$P$2342,'Grid Data'!$N$4:$N$2342,$D71,'Grid Data'!$O$4:$O$2342,J$4,'Grid Data'!$M$4:$M$2342,$D$2) -> 0 | K71: =SUMIFS('Grid Data'!$P$4:$P$2342,'Grid Data'!$N$4:$N$2342,$D71,'Grid Data'!$O$4:$O$2342,K$4,'Grid Data'!$M$4:$M$2342,$D$2) -> 12 | L71: =SUMIFS('Grid Data'!$P$4:$P$2342,'Grid Data'!$N$4:$N$2342,$D71,'Grid Data'!$O$4:$O$2342,L$4,'Grid Data'!$M$4:$M$2342,$D$2) -> 1 | ... AH71: =SUMIFS('Grid Data'!$P$4:$P$2342,'Grid Data'!$N$4:$N$2342,$D71,'Grid Data'!$O$4:$O$2342,AH$4,'Grid Data'!$M$4:$M$2342,$D$2) -> 0
D72: 3000 | E72: =SUMIFS('Grid Data'!$P$4:$P$2342,'Grid Data'!$N$4:$N$2342,$D72,'Grid Data'!$O$4:$O$2342,E$4,'Grid Data'!$M$4:$M$2342,$D$2) -> 18 | F72: =SUMIFS('Grid Data'!$P$4:$P$2342,'Grid Data'!$N$4:$N$2342,$D72,'Grid Data'!$O$4:$O$2342,F$4,'Grid Data'!$M$4:$M$2342,$D$2) -> 1 | G72: =SUMIFS('Grid Data'!$P$4:$P$2342,'Grid Data'!$N$4:$N$2342,$D72,'Grid Data'!$O$4:$O$2342,G$4,'Grid Data'!$M$4:$M$2342,$D$2) -> 0 | H72: =SUMIFS('Grid Data'!$P$4:$P$2342,'Grid Data'!$N$4:$N$2342,$D72,'Grid Data'!$O$4:$O$2342,H$4,'Grid Data'!$M$4:$M$2342,$D$2) -> 0 | I72: =SUMIFS('Grid Data'!$P$4:$P$2342,'Grid Data'!$N$4:$N$2342,$D72,'Grid Data'!$O$4:$O$2342,I$4,'Grid Data'!$M$4:$M$2342,$D$2) -> 0 | J72: =SUMIFS('Grid Data'!$P$4:$P$2342,'Grid Data'!$N$4:$N$2342,$D72,'Grid Data'!$O$4:$O$2342,J$4,'Grid Data'!$M$4:$M$2342,$D$2) -> 0 | K72: =SUMIFS('Grid Data'!$P$4:$P$2342,'Grid Data'!$N$4:$N$2342,$D72,'Grid Data'!$O$4:$O$2342,K$4,'Grid Data'!$M$4:$M$2342,$D$2) -> 10 | L72: =SUMIFS('Grid Data'!$P$4:$P$2342,'Grid Data'!$N$4:$N$2342,$D72,'Grid Data'!$O$4:$O$2342,L$4,'Grid Data'!$M$4:$M$2342,$D$2) -> 1 | ... AH72: =SUMIFS('Grid Data'!$P$4:$P$2342,'Grid Data'!$N$4:$N$2342,$D72,'Grid Data'!$O$4:$O$2342,AH$4,'Grid Data'!$M$4:$M$2342,$D$2) -> 4
D73: 3250 | E73: =SUMIFS('Grid Data'!$P$4:$P$2342,'Grid Data'!$N$4:$N$2342,$D73,'Grid Data'!$O$4:$O$2342,E$4,'Grid Data'!$M$4:$M$2342,$D$2) -> 176 | F73: =SUMIFS('Grid Data'!$P$4:$P$2342,'Grid Data'!$N$4:$N$2342,$D73,'Grid Data'!$O$4:$O$2342,F$4,'Grid Data'!$M$4:$M$2342,$D$2) -> 2 | G73: =SUMIFS('Grid Data'!$P$4:$P$2342,'Grid Data'!$N$4:$N$2342,$D73,'Grid Data'!$O$4:$O$2342,G$4,'Grid Data'!$M$4:$M$2342,$D$2) -> 5 | H73: =SUMIFS('Grid Data'!$P$4:$P$2342,'Grid Data'!$N$4:$N$2342,$D73,'Grid Data'!$O$4:$O$2342,H$4,'Grid Data'!$M$4:$M$2342,$D$2) -> 2 | I73: =SUMIFS('Grid Data'!$P$4:$P$2342,'Grid Data'!$N$4:$N$2342,$D73,'Grid Data'!$O$4:$O$2342,I$4,'Grid Data'!$M$4:$M$2342,$D$2) -> 2 | J73: =SUMIFS('Grid Data'!$P$4:$P$2342,'Grid Data'!$N$4:$N$2342,$D73,'Grid Data'!$O$4:$O$2342,J$4,'Grid Data'!$M$4:$M$2342,$D$2) -> 2 | K73: =SUMIFS('Grid Data'!$P$4:$P$2342,'Grid Data'!$N$4:$N$2342,$D73,'Grid Data'!$O$4:$O$2342,K$4,'Grid Data'!$M$4:$M$2342,$D$2) -> 17 | L73: =SUMIFS('Grid Data'!$P$4:$P$2342,'Grid Data'!$N$4:$N$2342,$D73,'Grid Data'!$O$4:$O$2342,L$4,'Grid Data'!$M$4:$M$2342,$D$2) -> 5 | ... AH73: =SUMIFS('Grid Data'!$P$4:$P$2342,'Grid Data'!$N$4:$N$2342,$D73,'Grid Data'!$O$4:$O$2342,AH$4,'Grid Data'!$M$4:$M$2342,$D$2) -> 0
D74: 3500 | E74: =SUMIFS('Grid Data'!$P$4:$P$2342,'Grid Data'!$N$4:$N$2342,$D74,'Grid Data'!$O$4:$O$2342,E$4,'Grid Data'!$M$4:$M$2342,$D$2) -> 483 | F74: =SUMIFS('Grid Data'!$P$4:$P$2342,'Grid Data'!$N$4:$N$2342,$D74,'Grid Data'!$O$4:$O$2342,F$4,'Grid Data'!$M$4:$M$2342,$D$2) -> 39 | G74: =SUMIFS('Grid Data'!$P$4:$P$2342,'Grid Data'!$N$4:$N$2342,$D74,'Grid Data'!$O$4:$O$2342,G$4,'Grid Data'!$M$4:$M$2342,$D$2) -> 35 | H74: =SUMIFS('Grid Data'!$P$4:$P$2342,'Grid Data'!$N$4:$N$2342,$D74,'Grid Data'!$O$4:$O$2342,H$4,'Grid Data'!$M$4:$M$2342,$D$2) -> 15 | I74: =SUMIFS('Grid Data'!$P$4:$P$2342,'Grid Data'!$N$4:$N$2342,$D74,'Grid Data'!$O$4:$O$2342,I$4,'Grid Data'!$M$4:$M$2342,$D$2) -> 12 | J74: =SUMIFS('Grid Data'!$P$4:$P$2342,'Grid Data'!$N$4:$N$2342,$D74,'Grid Data'!$O$4:$O$2342,J$4,'Grid Data'!$M$4:$M$2342,$D$2) -> 21 | K74: =SUMIFS('Grid Data'!$P$4:$P$2342,'Grid Data'!$N$4:$N$2342,$D74,'Grid Data'!$O$4:$O$2342,K$4,'Grid Data'!$M$4:$M$2342,$D$2) -> 25 | L74: =SUMIFS('Grid Data'!$P$4:$P$2342,'Grid Data'!$N$4:$N$2342,$D74,'Grid Data'!$O$4:$O$2342,L$4,'Grid Data'!$M$4:$M$2342,$D$2) -> 26 | ... AH74: =SUMIFS('Grid Data'!$P$4:$P$2342,'Grid Data'!$N$4:$N$2342,$D74,'Grid Data'!$O$4:$O$2342,AH$4,'Grid Data'!$M$4:$M$2342,$D$2) -> 0
D75: 3750 | E75: =SUMIFS('Grid Data'!$P$4:$P$2342,'Grid Data'!$N$4:$N$2342,$D75,'Grid Data'!$O$4:$O$2342,E$4,'Grid Data'!$M$4:$M$2342,$D$2) -> 810 | F75: =SUMIFS('Grid Data'!$P$4:$P$2342,'Grid Data'!$N$4:$N$2342,$D75,'Grid Data'!$O$4:$O$2342,F$4,'Grid Data'!$M$4:$M$2342,$D$2) -> 107 | G75: =SUMIFS('Grid Data'!$P$4:$P$2342,'Grid Data'!$N$4:$N$2342,$D75,'Grid Data'!$O$4:$O$2342,G$4,'Grid Data'!$M$4:$M$2342,$D$2) -> 154 | H75: =SUMIFS('Grid Data'!$P$4:$P$2342,'Grid Data'!$N$4:$N$2342,$D75,'Grid Data'!$O$4:$O$2342,H$4,'Grid Data'!$M$4:$M$2342,$D$2) -> 119 | I75: =SUMIFS('Grid Data'!$P$4:$P$2342,'Grid Data'!$N$4:$N$2342,$D75,'Grid Data'!$O$4:$O$2342,I$4,'Grid Data'!$M$4:$M$2342,$D$2) -> 80 | J75: =SUMIFS('Grid Data'!$P$4:$P$2342,'Grid Data'!$N$4:$N$2342,$D75,'Grid Data'!$O$4:$O$2342,J$4,'Grid Data'!$M$4:$M$2342,$D$2) -> 202 | K75: =SUMIFS('Grid Data'!$P$4:$P$2342,'Grid Data'!$N$4:$N$2342,$D75,'Grid Data'!$O$4:$O$2342,K$4,'Grid Data'!$M$4:$M$2342,$D$2) -> 175 | L75: =SUMIFS('Grid Data'!$P$4:$P$2342,'Grid Data'!$N$4:$N$2342,$D75,'Grid Data'!$O$4:$O$2342,L$4,'Grid Data'!$M$4:$M$2342,$D$2) -> 125 | ... AH75: =SUMIFS('Grid Data'!$P$4:$P$2342,'Grid Data'!$N$4:$N$2342,$D75,'Grid Data'!$O$4:$O$2342,AH$4,'Grid Data'!$M$4:$M$2342,$D$2) -> 0
D76: 4000 | E76: =SUMIFS('Grid Data'!$P$4:$P$2342,'Grid Data'!$N$4:$N$2342,$D76,'Grid Data'!$O$4:$O$2342,E$4,'Grid Data'!$M$4:$M$2342,$D$2) -> 12376 | F76: =SUMIFS('Grid Data'!$P$4:$P$2342,'Grid Data'!$N$4:$N$2342,$D76,'Grid Data'!$O$4:$O$2342,F$4,'Grid Data'!$M$4:$M$2342,$D$2) -> 2669 | G76: =SUMIFS('Grid Data'!$P$4:$P$2342,'Grid Data'!$N$4:$N$2342,$D76,'Grid Data'!$O$4:$O$2342,G$4,'Grid Data'!$M$4:$M$2342,$D$2) -> 1809 | H76: =SUMIFS('Grid Data'!$P$4:$P$2342,'Grid Data'!$N$4:$N$2342,$D76,'Grid Data'!$O$4:$O$2342,H$4,'Grid Data'!$M$4:$M$2342,$D$2) -> 1429 | I76: =SUMIFS('Grid Data'!$P$4:$P$2342,'Grid Data'!$N$4:$N$2342,$D76,'Grid Data'!$O$4:$O$2342,I$4,'Grid Data'!$M$4:$M$2342,$D$2) -> 1727 | J76: =SUMIFS('Grid Data'!$P$4:$P$2342,'Grid Data'!$N$4:$N$2342,$D76,'Grid Data'!$O$4:$O$2342,J$4,'Grid Data'!$M$4:$M$2342,$D$2) -> 1866 | K76: =SUMIFS('Grid Data'!$P$4:$P$2342,'Grid Data'!$N$4:$N$2342,$D76,'Grid Data'!$O$4:$O$2342,K$4,'Grid Data'!$M$4:$M$2342,$D$2) -> 1539 | L76: =SUMIFS('Grid Data'!$P$4:$P$2342,'Grid Data'!$N$4:$N$2342,$D76,'Grid Data'!$O$4:$O$2342,L$4,'Grid Data'!$M$4:$M$2342,$D$2) -> 1510 | ... AH76: =SUMIFS('Grid Data'!$P$4:$P$2342,'Grid Data'!$N$4:$N$2342,$D76,'Grid Data'!$O$4:$O$2342,AH$4,'Grid Data'!$M$4:$M$2342,$D$2) -> 42
D77: 4250 | E77: =SUMIFS('Grid Data'!$P$4:$P$2342,'Grid Data'!$N$4:$N$2342,$D77,'Grid Data'!$O$4:$O$2342,E$4,'Grid Data'!$M$4:$M$2342,$D$2) -> 2520 | F77: =SUMIFS('Grid Data'!$P$4:$P$2342,'Grid Data'!$N$4:$N$2342,$D77,'Grid Data'!$O$4:$O$2342,F$4,'Grid Data'!$M$4:$M$2342,$D$2) -> 322 | G77: =SUMIFS('Grid Data'!$P$4:$P$2342,'Grid Data'!$N$4:$N$2342,$D77,'Grid Data'!$O$4:$O$2342,G$4,'Grid Data'!$M$4:$M$2342,$D$2) -> 326 | H77: =SUMIFS('Grid Data'!$P$4:$P$2342,'Grid Data'!$N$4:$N$2342,$D77,'Grid Data'!$O$4:$O$2342,H$4,'Grid Data'!$M$4:$M$2342,$D$2) -> 296 | I77: =SUMIFS('Grid Data'!$P$4:$P$2342,'Grid Data'!$N$4:$N$2342,$D77,'Grid Data'!$O$4:$O$2342,I$4,'Grid Data'!$M$4:$M$2342,$D$2) -> 355 | J77: =SUMIFS('Grid Data'!$P$4:$P$2342,'Grid Data'!$N$4:$N$2342,$D77,'Grid Data'!$O$4:$O$2342,J$4,'Grid Data'!$M$4:$M$2342,$D$2) -> 540 | K77: =SUMIFS('Grid Data'!$P$4:$P$2342,'Grid Data'!$N$4:$N$2342,$D77,'Grid Data'!$O$4:$O$2342,K$4,'Grid Data'!$M$4:$M$2342,$D$2) -> 663 | L77: =SUMIFS('Grid Data'!$P$4:$P$2342,'Grid Data'!$N$4:$N$2342,$D77,'Grid Data'!$O$4:$O$2342,L$4,'Grid Data'!$M$4:$M$2342,$D$2) -> 687 | ... AH77: =SUMIFS('Grid Data'!$P$4:$P$2342,'Grid Data'!$N$4:$N$2342,$D77,'Grid Data'!$O$4:$O$2342,AH$4,'Grid Data'!$M$4:$M$2342,$D$2) -> 0
D78: 4500 | E78: =SUMIFS('Grid Data'!$P$4:$P$2342,'Grid Data'!$N$4:$N$2342,$D78,'Grid Data'!$O$4:$O$2342,E$4,'Grid Data'!$M$4:$M$2342,$D$2) -> 3081 | F78: =SUMIFS('Grid Data'!$P$4:$P$2342,'Grid Data'!$N$4:$N$2342,$D78,'Grid Data'!$O$4:$O$2342,F$4,'Grid Data'!$M$4:$M$2342,$D$2) -> 467 | G78: =SUMIFS('Grid Data'!$P$4:$P$2342,'Grid Data'!$N$4:$N$2342,$D78,'Grid Data'!$O$4:$O$2342,G$4,'Grid Data'!$M$4:$M$2342,$D$2) -> 582 | H78: =SUMIFS('Grid Data'!$P$4:$P$2342,'Grid Data'!$N$4:$N$2342,$D78,'Grid Data'!$O$4:$O$2342,H$4,'Grid Data'!$M$4:$M$2342,$D$2) -> 558 | I78: =SUMIFS('Grid Data'!$P$4:$P$2342,'Grid Data'!$N$4:$N$2342,$D78,'Grid Data'!$O$4:$O$2342,I$4,'Grid Data'!$M$4:$M$2342,$D$2) -> 742 | J78: =SUMIFS('Grid Data'!$P$4:$P$2342,'Grid Data'!$N$4:$N$2342,$D78,'Grid Data'!$O$4:$O$2342,J$4,'Grid Data'!$M$4:$M$2342,$D$2) -> 1068 | K78: =SUMIFS('Grid Data'!$P$4:$P$2342,'Grid Data'!$N$4:$N$2342,$D78,'Grid Data'!$O$4:$O$2342,K$4,'Grid Data'!$M$4:$M$2342,$D$2) -> 1876 | L78: =SUMIFS('Grid Data'!$P$4:$P$2342,'Grid Data'!$N$4:$N$2342,$D78,'Grid Data'!$O$4:$O$2342,L$4,'Grid Data'!$M$4:$M$2342,$D$2) -> 1868 | ... AH78: =SUMIFS('Grid Data'!$P$4:$P$2342,'Grid Data'!$N$4:$N$2342,$D78,'Grid Data'!$O$4:$O$2342,AH$4,'Grid Data'!$M$4:$M$2342,$D$2) -> 0
D79: 4750 | E79: =SUMIFS('Grid Data'!$P$4:$P$2342,'Grid Data'!$N$4:$N$2342,$D79,'Grid Data'!$O$4:$O$2342,E$4,'Grid Data'!$M$4:$M$2342,$D$2) -> 6078 | F79: =SUMIFS('Grid Data'!$P$4:$P$2342,'Grid Data'!$N$4:$N$2342,$D79,'Grid Data'!$O$4:$O$2342,F$4,'Grid Data'!$M$4:$M$2342,$D$2) -> 723 | G79: =SUMIFS('Grid Data'!$P$4:$P$2342,'Grid Data'!$N$4:$N$2342,$D79,'Grid Data'!$O$4:$O$2342,G$4,'Grid Data'!$M$4:$M$2342,$D$2) -> 861 | H79: =SUMIFS('Grid Data'!$P$4:$P$2342,'Grid Data'!$N$4:$N$2342,$D79,'Grid Data'!$O$4:$O$2342,H$4,'Grid Data'!$M$4:$M$2342,$D$2) -> 796 | I79: =SUMIFS('Grid Data'!$P$4:$P$2342,'Grid Data'!$N$4:$N$2342,$D79,'Grid Data'!$O$4:$O$2342,I$4,'Grid Data'!$M$4:$M$2342,$D$2) -> 788 | J79: =SUMIFS('Grid Data'!$P$4:$P$2342,'Grid Data'!$N$4:$N$2342,$D79,'Grid Data'!$O$4:$O$2342,J$4,'Grid Data'!$M$4:$M$2342,$D$2) -> 1047 | K79: =SUMIFS('Grid Data'!$P$4:$P$2342,'Grid Data'!$N$4:$N$2342,$D79,'Grid Data'!$O$4:$O$2342,K$4,'Grid Data'!$M$4:$M$2342,$D$2) -> 1617 | L79: =SUMIFS('Grid Data'!$P$4:$P$2342,'Grid Data'!$N$4:$N$2342,$D79,'Grid Data'!$O$4:$O$2342,L$4,'Grid Data'!$M$4:$M$2342,$D$2) -> 1366 | ... AH79: =SUMIFS('Grid Data'!$P$4:$P$2342,'Grid Data'!$N$4:$N$2342,$D79,'Grid Data'!$O$4:$O$2342,AH$4,'Grid Data'!$M$4:$M$2342,$D$2) -> 4
... D96: 20000 | E96: =SUMIFS('Grid Data'!$P$4:$P$2342,'Grid Data'!$N$4:$N$2342,$D96,'Grid Data'!$O$4:$O$2342,E$4,'Grid Data'!$M$4:$M$2342,$D$2) -> 0 | F96: =SUMIFS('Grid Data'!$P$4:$P$2342,'Grid Data'!$N$4:$N$2342,$D96,'Grid Data'!$O$4:$O$2342,F$4,'Grid Data'!$M$4:$M$2342,$D$2) -> 0 | G96: =SUMIFS('Grid Data'!$P$4:$P$2342,'Grid Data'!$N$4:$N$2342,$D96,'Grid Data'!$O$4:$O$2342,G$4,'Grid Data'!$M$4:$M$2342,$D$2) -> 0 | H96: =SUMIFS('Grid Data'!$P$4:$P$2342,'Grid Data'!$N$4:$N$2342,$D96,'Grid Data'!$O$4:$O$2342,H$4,'Grid Data'!$M$4:$M$2342,$D$2) -> 0 | I96: =SUMIFS('Grid Data'!$P$4:$P$2342,'Grid Data'!$N$4:$N$2342,$D96,'Grid Data'!$O$4:$O$2342,I$4,'Grid Data'!$M$4:$M$2342,$D$2) -> 0 | J96: =SUMIFS('Grid Data'!$P$4:$P$2342,'Grid Data'!$N$4:$N$2342,$D96,'Grid Data'!$O$4:$O$2342,J$4,'Grid Data'!$M$4:$M$2342,$D$2) -> 0 | K96: =SUMIFS('Grid Data'!$P$4:$P$2342,'Grid Data'!$N$4:$N$2342,$D96,'Grid Data'!$O$4:$O$2342,K$4,'Grid Data'!$M$4:$M$2342,$D$2) -> 0 | L96: =SUMIFS('Grid Data'!$P$4:$P$2342,'Grid Data'!$N$4:$N$2342,$D96,'Grid Data'!$O$4:$O$2342,L$4,'Grid Data'!$M$4:$M$2342,$D$2) -> 0 | ... AH96: =SUMIFS('Grid Data'!$P$4:$P$2342,'Grid Data'!$N$4:$N$2342,$D96,'Grid Data'!$O$4:$O$2342,AH$4,'Grid Data'!$M$4:$M$2342,$D$2) -> 22
D98: FHA | E98: May CPR Buckets Age x Rate | M98: Age x Rate Bucket: 𝚫CPR
D99: Rate | E99: =E4 -> 5 | F99: =F4 -> 6 | G99: =G4 -> 7 | H99: =H4 -> 8 | I99: =I4 -> 9 | J99: =J4 -> 10 | K99: =K4 -> 12 | M99: =E99 -> 5 | N99: =F99 -> 6 | O99: =G99 -> 7 | P99: =H99 -> 8 | Q99: =I99 -> 9 | R99: =J99 -> 10 | S99: =K99 -> 12
D100: =D18/1000 -> 5.25 | E100: =E18 -> 1.1527 | F100: =F18 -> 3.1427 | G100: =G18 -> 4.5129 | H100: =H18 -> 0.9188 | I100: =I18 -> 1.4262 | J100: =J18 -> 4.0739 | K100: =K18 -> 2.3945 | M100: =E50 -> -0.0856 | N100: =F50 -> -0.7256 | O100: =G50 -> -4.5129 | P100: =H50 -> 0.4748 | Q100: =I50 -> -0.6806 | R100: =J50 -> 1.4314 | S100: =K50 -> 1.1637
D101: =D19/1000 -> 5.5 | E101: =E19 -> 0.9995 | F101: =F19 -> 1.8647 | G101: =G19 -> 3.7589 | H101: =H19 -> 3.4412 | I101: =I19 -> 2.47 | J101: =J19 -> 4.5618 | K101: =K19 -> 3.7793 | M101: =E51 -> 0.4877 | N101: =F51 -> -0.046 | O101: =G51 -> 0.3652 | P101: =H51 -> 0.0937 | Q101: =I51 -> 2.7979 | R101: =J51 -> 0.1157 | S101: =K51 -> 1.549
D102: =D20/1000 -> 5.75 | E102: =E20 -> 1.1845 | F102: =F20 -> 4.0003 | G102: =G20 -> 3.2988 | H102: =H20 -> 4.5723 | I102: =I20 -> 8.2806 | J102: =J20 -> 4.225 | K102: =K20 -> 4.7542 | M102: =E52 -> 0.2875 | N102: =F52 -> 2.8844 | O102: =G52 -> 3.008 | P102: =H52 -> 0.1775 | Q102: =I52 -> -0.0364 | R102: =J52 -> 1.1959 | S102: =K52 -> 2.4854
D103: =D21/1000 -> 6 | E103: =E21 -> 1.6403 | F103: =F21 -> 5.8997 | G103: =G21 -> 11.3725 | H103: =H21 -> 7.7067 | I103: =I21 -> 7.2523 | J103: =J21 -> 8.6922 | K103: =K21 -> 8.2477 | M103: =E53 -> -0.0364 | N103: =F53 -> 0.8646 | O103: =G53 -> 0.6837 | P103: =H53 -> 3.5524 | Q103: =I53 -> 2.6258 | R103: =J53 -> 3.5015 | S103: =K53 -> 2.6985
D104: =D22/1000 -> 6.25 | E104: =E22 -> 1.8402 | F104: =F22 -> 10.8929 | G104: =G22 -> 16.9155 | H104: =H22 -> 13.2115 | I104: =I22 -> 12.7999 | J104: =J22 -> 13.0967 | K104: =K22 -> 13.9619 | M104: =E54 -> 0.0709 | N104: =F54 -> 1.4258 | O104: =G54 -> 8.9364 | P104: =H54 -> 5.8005 | Q104: =I54 -> 6.801 | R104: =J54 -> 5.3797 | S104: =K54 -> 5.5017
D105: =D23/1000 -> 6.5 | E105: =E23 -> 2.5923 | F105: =F23 -> 17.5425 | G105: =G23 -> 25.3569 | H105: =H23 -> 22.5953 | I105: =I23 -> 18.1211 | J105: =J23 -> 16.6923 | K105: =K23 -> 16.5161 | M105: =E55 -> 0.7462 | N105: =F55 -> 0.7218 | O105: =G55 -> 5.4665 | P105: =H55 -> 4.1088 | Q105: =I55 -> 0.3543 | R105: =J55 -> 6.406 | S105: =K55 -> 10.5009
D106: =D24/1000 -> 6.75 | E106: =E24 -> 3.3724 | F106: =F24 -> 28.3363 | G106: =G24 -> 36.8577 | H106: =H24 -> 31.074 | I106: =I24 -> 25.5543 | J106: =J24 -> 23.1563 | K106: =K24 -> 24.6975 | M106: =E56 -> 0.0067 | N106: =F56 -> 1.585 | O106: =G56 -> 3.4292 | P106: =H56 -> 2.4859 | Q106: =I56 -> 0.2972 | R106: =J56 -> -0.0263 | S106: =K56 -> 4.4633
D107: =D25/1000 -> 7 | E107: =E25 -> 4.0233 | F107: =F25 -> 38.2599 | G107: =G25 -> 42.4626 | H107: =H25 -> 32.7819 | I107: =I25 -> 29.6935 | J107: =J25 -> 22.4622 | K107: =K25 -> 24.6126 | M107: =E57 -> 0.1665 | N107: =F57 -> -1.4491 | O107: =G57 -> -1.3609 | P107: =H57 -> -1.9626 | Q107: =I57 -> -5.8445 | R107: =J57 -> 5.0054 | S107: =K57 -> 2.7999

Sheet Grid Data
V2: Actual Jun | AH2: Actual May
M3: Actual | V3: CPR | W3: CDR | Y3: Actual | AH3: CPR | AI3: CDR
M4: F | N4: 7000 | O4: 360 | P4: 4451 | Q4: 0 | R4: 4928409254 | S4: 1.5338613e+08 | T4: 4.7409293e+09 | U4: 4.7721572e+09 | V4: 0.079927 | W4: 0.006956 | Y4: F | Z4: 7000 | AA4: 360 | AB4: 4478 | AC4: 0 | AD4: 5057662972 | AE4: 1.5391425e+08 | AF4: 4.8526673e+09 | AG4: 4.8997178e+09 | AH4: 0.114687 | AI4: 0.009522
M5: F | N5: 7500 | O5: 360 | P5: 3854 | Q5: 0 | R5: 3778205483 | S5: 1.2865033e+08 | T5: 3.6177704e+09 | U5: 3.6489575e+09 | V5: 0.096409 | W5: 0.001897 | Y5: F | Z5: 7500 | AA5: 360 | AB5: 3768 | AC5: 0 | AD5: 3721724404 | AE5: 1.2616828e+08 | AF5: 3.563119e+09 | AG5: 3.5950667e+09 | AH5: 0.099717 | AI5: 0.001577
M6: F | N6: 8000 | O6: 360 | P6: 1533 | Q6: 0 | R6: 1180470211 | S6: 49328191 | T6: 1.1208384e+09 | U6: 1.131142e+09 | V6: 0.099856 | W6: 0 | Y6: F | Z6: 8000 | AA6: 360 | AB6: 1454 | AC6: 0 | AD6: 1070314032 | AE6: 47034806 | AF6: 1.0119048e+09 | AG6: 1.0230856e+09 | AH6: 0.120331 | AI6: 0.002169
M7: V | N7: 8500 | O7: 360 | P7: 148 | Q7: 0 | R7: 64380457 | S7: 5505446.2 | T7: 58392718 | U7: 58875011 | V7: 0.086283 | W7: 0 | Y7: V | Z7: 8500 | AA7: 360 | AB7: 158 | AC7: 0 | AD7: 73101374 | AE7: 5947132.5 | AF7: 66017169 | AG7: 67097380 | AH7: 0.171488 | AI7: 0.009294
M8: F | N8: 8500 | O8: 360 | P8: 699 | Q8: 0 | R8: 325514109 | S8: 22313483 | T8: 2.988889e+08 | U8: 3.0320063e+08 | V8: 0.147867 | W8: 0 | Y8: F | Z8: 8500 | AA8: 360 | AB8: 751 | AC8: 0 | AD8: 343314197 | AE8: 24018906 | AF8: 3.1200851e+08 | AG8: 3.1929529e+08 | AH8: 0.226972 | AI8: 0
M9: F | N9: 6500 | O9: 360 | P9: 1912 | Q9: 0 | R9: 2298452921 | S9: 66547950 | T9: 2.212779e+09 | U9: 2.2295133e+09 | V9: 0.095409 | W9: 0.012415 | Y9: F | Z9: 6500 | AA9: 360 | AB9: 1875 | AC9: 0 | AD9: 2316037246 | AE9: 65408356 | AF9: 2.23104e+09 | AG9: 2.2506289e+09 | AH9: 0.096904 | AI9: 0
M10: V | N10: 4000 | O10: 192 | P10: 8383 | Q10: 0 | R10: 95273082360 | S10: 3.7007299e+08 | T10: 9.4325851e+10 | U10: 9.4882199e+10 | V10: 0.070321 | W10: 0.002618 | Y10: V | Z10: 4000 | AA10: 192 | AB10: 6860 | AC10: 0 | AD10: 78587123281 | AE10: 3.048536e+08 | AF10: 7.7865577e+10 | AG10: 7.8248821e+10 | AH10: 0.061805 | AI10: 0.005096
M11: F | N11: 4000 | O11: 192 | P11: 26527 | Q11: 0 | R11: 255424644093 | S11: 9.900239e+08 | T11: 2.5330422e+11 | U11: 2.5430451e+11 | V11: 0.051833 | W11: 0.006096 | Y11: F | Z11: 4000 | AA11: 192 | AB11: 21986 | AC11: 0 | AD11: 212701560528 | AE11: 8.2313056e+08 | AF11: 2.1098074e+11 | AG11: 2.1176365e+11 | AH11: 0.049486 | AI11: 0.006456
M12: F | N12: 4500 | O12: 192 | P12: 58045 | Q12: 0 | R12: 524631394119 | S12: 2.0712458e+09 | T12: 5.2014329e+11 | U12: 5.2224235e+11 | V12: 0.053902 | W12: 0.007245 | Y12: F | Z12: 4500 | AA12: 192 | AB12: 57290 | AC12: 0 | AD12: 522121718619 | AE12: 2.049252e+09 | AF12: 5.1749259e+11 | AG12: 5.1981105e+11 | AH12: 0.057708 | AI12: 0.005992
M13: F | N13: 6250 | O13: 320 | P13: 10384 | Q13: 0 | R13: 39943210221 | S13: 3.1926468e+08 | T13: 3.9383786e+10 | U13: 3.9583268e+10 | V13: 0.069811 | W13: 0.012152 | Y13: F | Z13: 6250 | AA13: 320 | AB13: 10289 | AC13: 0 | AD13: 39593434952 | AE13: 3.1451735e+08 | AF13: 3.902494e+10 | AG13: 3.9250948e+10 | AH13: 0.074317 | AI13: 0.008444
M14: F | N14: 7500 | O14: 320 | P14: 4539 | Q14: 0 | R14: 11192201859 | S14: 1.3846344e+08 | T14: 1.0989441e+10 | U14: 1.1050561e+10 | V14: 0.066801 | W14: 0.003402 | Y14: F | Z14: 7500 | AA14: 320 | AB14: 4784 | AC14: 0 | AD14: 11744464258 | AE14: 1.4541892e+08 | AF14: 1.1497587e+10 | AG14: 1.1585636e+10 | AH14: 0.098879 | AI14: 0.013616
M15: F | N15: 8000 | O15: 320 | P15: 1765 | Q15: 0 | R15: 3571859450 | S15: 54317895 | T15: 3.5055154e+09 | U15: 3.5142832e+09 | V15: 0.039663 | W15: 0.010892 | Y15: F | Z15: 8000 | AA15: 320 | AB15: 1919 | AC15: 0 | AD15: 3861141676 | AE15: 58743537 | AF15: 3.7708706e+09 | AG15: 3.799803e+09 | AH15: 0.093701 | AI15: 0.008036
... M2234: F | N2234: 2750 | O2234: 14 | P2234: 1 | Q2234: 0 | R2234: 27300000 | S2234: 51581.42 | T2234: 27248419 | U2234: 27248419 | V2234: 0 | W2234: 0 | Y2234: V | Z2234: 2500 | AA2234: 5 | AB2234: 6 | AC2234: 0 | AD2234: 314000000 | AE2234: 621845.29 | AF2234: 3.1337815e+08 | AG2234: 3.1337815e+08 | AH2234: 0 | AI2234: 0
Y2235: F | Z2235: 3000 | AA2235: 5 | AB2235: 6 | AC2235: 0 | AD2235: 183900000 | AE2235: 321160.66 | AF2235: 1.8357884e+08 | AG2235: 1.8357884e+08 | AH2235: 0 | AI2235: 0
Y2236: V | Z2236: 2750 | AA2236: 5 | AB2236: 5 | AC2236: 0 | AD2236: 205300000 | AE2236: 370359.26 | AF2236: 2.0492964e+08 | AG2236: 2.0492964e+08 | AH2236: 0 | AI2236: 0
Y2237: N | Z2237: 4750 | AA2237: 5 | AB2237: 8 | AC2237: 0 | AD2237: 302300000 | AE2237: 382164.35 | AF2237: 3.0191784e+08 | AG2237: 3.0191784e+08 | AH2237: 0 | AI2237: 0
